date,open,high,low,close,diff,diff_perd,qty
2022-12-09,309.81,312.06,308.76,311.44,3.2,1.04%,74731
2022-12-08,308.78,309,306.01,308.24,-0.03,-0.01%,121095
2022-12-07,309.11,310.25,308.08,308.27,-1.87,-0.60%,92852
2022-12-06,310.9,313.34,309.7,310.14,-3.77,-1.20%,100040
2022-12-05,316.26,317.07,312.92,313.91,-1.11,-0.35%,113970
2022-12-02,320.76,320.76,315.02,315.02,-7,-2.17%,114750
2022-12-01,325.37,325.49,321.44,322.02,1.02,0.32%,130317
2022-11-30,314.35,321.01,314.2,321,5.42,1.72%,189080
2022-11-29,311.79,315.74,311.07,315.58,3.37,1.08%,94417
2022-11-28,313.89,313.89,311.28,312.21,-3.86,-1.22%,95021
2022-11-25,317.28,318.1,315.76,316.07,-1.23,-0.39%,102914
2022-11-24,316.6,317.33,315.27,317.3,3.19,1.02%,99544
2022-11-23,314.84,315.24,312.65,314.11,2.09,0.67%,148269
2022-11-22,312.88,315.09,311.69,312.02,-2.65,-0.84%,115972
2022-11-21,317.22,317.65,312.99,314.67,-2.45,-0.77%,123416
2022-11-18,317.63,320.7,316.7,317.12,0.37,0.12%,136518
2022-11-17,319.98,320.35,316.75,316.75,-5.21,-1.62%,157359
2022-11-16,322.98,322.98,318.02,321.96,-0.35,-0.11%,177085
2022-11-15,322.76,323.03,319.96,322.31,0.78,0.24%,144811
2022-11-14,323.41,324.73,320.86,321.53,-1.56,-0.48%,267590
2022-11-11,320.47,323.51,319.97,323.09,11.96,3.84%,236342
2022-11-10,312.63,314.91,311.13,311.13,-4.1,-1.30%,149974
2022-11-09,313.4,316.09,312.54,315.23,3.22,1.03%,162126
2022-11-08,310.08,312.57,309.21,312.01,4.14,1.34%,142951
2022-11-07,306.08,308.15,305.05,307.87,3.54,1.16%,148868
2022-11-04,301.16,304.33,299.46,304.33,2.67,0.89%,182715
2022-11-03,298.55,303.8,297.62,301.66,-2.21,-0.73%,179815
2022-11-02,302.49,305.1,302.02,303.87,-0.01,0.00%,192341
2022-11-01,300.53,304.01,299.84,303.88,4.3,1.44%,272490
2022-10-31,298.61,300.05,296.45,299.58,4.52,1.53%,121050
2022-10-28,296.8,298.45,294.65,295.06,-3.76,-1.26%,131077
2022-10-27,295.85,299.19,295.01,298.82,4.97,1.69%,176203
2022-10-26,292.21,295.28,291.4,293.85,2.27,0.78%,122301
2022-10-25,291.29,293.75,290.53,291.58,0.11,0.04%,116351
2022-10-24,293.6,294.24,290.52,291.47,2.9,1.00%,116175
2022-10-21,287.68,290.38,287.44,288.57,-0.04,-0.01%,102369
2022-10-20,289.33,290.07,286.5,288.61,-2.68,-0.92%,136903
2022-10-19,293.41,295.34,290.9,291.29,-2.3,-0.78%,110850
2022-10-18,293.34,293.78,289.77,293.59,4.02,1.39%,117118
2022-10-17,285.89,290.04,284.91,289.57,0.21,0.07%,111596
2022-10-14,287.59,290.32,286.59,289.36,6.79,2.40%,132068
2022-10-13,286.27,286.36,282.57,282.57,-4.52,-1.57%,133288
2022-10-12,285.23,287.52,284.32,287.09,2.13,0.75%,120861
2022-10-11,284.39,284.96,282.04,284.96,-5.45,-1.88%,127821
2022-10-07,288.35,292.2,287.84,290.41,-0.85,-0.29%,128156
2022-10-06,291.2,293.32,290.09,291.26,2.21,0.76%,93858
2022-10-05,293.87,294.47,287.44,289.05,0.78,0.27%,138906
2022-10-04,286.25,288.96,285.42,288.27,6.91,2.46%,120019
2022-09-30,281.75,284.35,278.39,281.36,-1.29,-0.46%,143737
2022-09-29,286.6,287.81,282.56,282.65,-0.54,-0.19%,128427
2022-09-28,287.66,289.75,280.8,283.19,-7.01,-2.42%,160839
2022-09-27,290.27,290.75,286.76,290.2,0.43,0.15%,152309
2022-09-26,293.65,293.96,289.01,289.77,-7.97,-2.68%,177691
2022-09-23,301.48,302.09,296.85,297.74,-3.91,-1.30%,114627
2022-09-22,300.67,302.19,299.3,301.65,-3.02,-0.99%,114961
2022-09-21,305.09,306.07,303.77,304.67,-2.87,-0.93%,104487
2022-09-20,308.76,309.98,306.79,307.54,1.05,0.34%,96957
2022-09-19,309.58,309.89,305.68,306.49,-2.2,-0.71%,101185
2022-09-16,308.58,309.54,307.03,308.69,-1.94,-0.62%,135937
2022-09-15,313.15,313.84,310.63,310.63,-2.11,-0.67%,111218
2022-09-14,310.08,313.94,309.06,312.74,-5.82,-1.83%,118207
2022-09-13,313.93,319.37,313.93,318.56,9.44,3.05%,150586
2022-09-08,310.23,310.51,308.26,309.12,0.96,0.31%,149121
2022-09-07,310.86,311.1,306.69,308.16,-4.85,-1.55%,146286
2022-09-06,313.36,314.97,311.69,313.01,0.54,0.17%,91544
2022-09-05,313.09,315.22,310.91,312.47,-0.45,-0.14%,112444
2022-09-02,316.46,316.74,312.18,312.92,-2.1,-0.67%,133783
2022-09-01,318.74,318.76,315.02,315.02,-7.94,-2.46%,183420
2022-08-31,316.96,323.37,316.26,322.96,3.47,1.09%,228418
2022-08-30,317.97,320,316.94,319.49,3.14,0.99%,133480
2022-08-29,317.45,317.47,315.48,316.35,-7.56,-2.33%,203734
2022-08-26,325.36,326.59,323.3,323.91,0.28,0.09%,188815
2022-08-25,321.58,323.63,320.81,323.63,3.77,1.18%,130657
2022-08-24,320.15,320.99,318.16,319.86,1.17,0.37%,156496
2022-08-23,320.85,321.5,318.26,318.69,-4.08,-1.26%,118040
2022-08-22,323.29,324.42,321.83,322.77,-4.02,-1.23%,93521
2022-08-19,329.06,329.08,326.34,326.79,-2.01,-0.61%,125260
2022-08-18,327.47,329.94,326.06,328.8,-1.11,-0.34%,101500
2022-08-17,332.11,333.24,329.3,329.91,-1.87,-0.56%,105787
2022-08-16,332.68,333.47,331.08,331.78,1.11,0.34%,131425
2022-08-12,329.23,331.12,329.07,330.67,0.75,0.23%,138074
2022-08-11,328.2,329.92,327.74,329.92,5.57,1.72%,140037
2022-08-10,326.3,326.43,323.86,324.35,-3.76,-1.15%,134971
2022-08-09,327.21,328.62,325.28,328.11,0.88,0.27%,121621
2022-08-08,326.05,327.45,325.21,327.23,-0.27,-0.08%,113665
2022-08-05,326.71,328.47,326.36,327.5,2.03,0.62%,119887
2022-08-04,326.11,326.4,324.38,325.47,1.67,0.52%,110170
2022-08-03,321.48,323.8,320.25,323.8,2.16,0.67%,93895
2022-08-02,322.64,322.85,320.21,321.64,-1.33,-0.41%,113133
2022-08-01,322.14,324.31,320.86,322.97,-0.34,-0.11%,111147
2022-07-29,324.38,325.83,321.95,323.31,1.69,0.53%,163690
2022-07-28,322.89,323.73,320.76,321.62,1.88,0.59%,131104
2022-07-27,319.83,320.04,317.3,319.74,0.13,0.04%,88689
2022-07-26,317.39,319.91,317.03,319.61,1.27,0.40%,87527
2022-07-25,316.4,320.07,316.2,318.34,1.01,0.32%,94023
2022-07-22,319.12,320.94,317,317.33,-2.35,-0.74%,120586
2022-07-21,316.22,320.14,316.22,319.68,3.66,1.16%,91222
2022-07-20,319.15,319.68,315.48,316.02,2.12,0.68%,113805
2022-07-19,313.38,314.06,311.81,313.9,-0.97,-0.31%,95255
2022-07-18,311.06,315.17,310.6,314.87,6.96,2.26%,113852
2022-07-15,307.45,308.14,302.1,307.91,2.56,0.84%,125245
2022-07-14,304.7,307.93,303.65,305.35,-1.24,-0.40%,115966
2022-07-13,306.24,308.62,304.99,306.59,1.56,0.51%,110889
2022-07-12,306.94,307.56,303.32,305.03,-3.26,-1.06%,107070
2022-07-11,311.05,311.86,307.97,308.29,-1.86,-0.60%,94922
2022-07-08,310.73,313.01,310.02,310.15,1.84,0.60%,108520
2022-07-07,304.3,310.07,304.2,308.31,6.03,1.99%,126308
2022-07-06,307.14,307.9,302.06,302.28,-6.75,-2.18%,156255
2022-07-05,307.15,309.99,305.35,309.03,5.02,1.65%,110061
2022-07-04,304.46,305.82,300.82,304.01,-0.01,0.00%,128355
2022-07-01,308.72,310.55,301.95,304.02,-3.18,-1.04%,136341
2022-06-30,311.2,311.63,307.2,307.2,-5.66,-1.81%,143728
2022-06-29,314.33,315.16,312.52,312.86,-6.25,-1.96%,132702
2022-06-28,316.65,319.11,315.19,319.11,2.91,0.92%,117270
2022-06-27,314.31,319.08,311.85,316.2,4.13,1.32%,136483
2022-06-24,307.47,313.42,306.27,312.07,6.62,2.17%,137827
2022-06-23,308.81,310.94,304.13,305.45,-2.63,-0.85%,197731
2022-06-22,317.47,317.63,308.08,308.08,-8.3,-2.62%,161699
2022-06-21,315.95,318.74,313.66,316.38,1.94,0.62%,120058
2022-06-20,321.46,321.62,311.71,314.44,-5.65,-1.77%,151134
2022-06-17,316.36,320.71,314.79,320.09,-2.16,-0.67%,197274
2022-06-16,326.72,328.84,321.54,322.25,0.04,0.01%,138751
2022-06-15,327.7,328.3,320.29,322.21,-6.02,-1.83%,159365
2022-06-14,325.68,329.27,323.36,328.23,-1.65,-0.50%,174250
2022-06-13,335.76,335.97,329.88,329.88,-12.01,-3.51%,163805
2022-06-10,342.32,343.25,340.66,341.89,-4.73,-1.36%,136208
2022-06-09,345.35,346.82,343.69,346.62,0.4,0.12%,191391
2022-06-08,346.46,348.11,345.56,346.22,0.55,0.16%,123302
2022-06-07,350.04,350.53,345.02,345.67,-6.34,-1.80%,135311
2022-06-03,353.47,353.93,351.1,352.01,1.5,0.43%,134646
2022-06-02,352.29,352.81,349.55,350.51,-4.03,-1.14%,196091
2022-05-31,351.79,354.72,350.01,354.54,2.05,0.58%,266678
2022-05-30,351.53,352.85,350.07,352.49,4.45,1.28%,151012
2022-05-27,348.42,349.11,347.15,348.04,3.78,1.10%,133072
2022-05-26,345.54,349.03,342.65,344.26,-1.34,-0.39%,126445
2022-05-25,346.34,347.6,343.51,345.6,1.52,0.44%,125139
2022-05-24,349.02,349.79,344.08,344.08,-6.26,-1.79%,150996
2022-05-23,351.16,351.41,348.48,350.34,1.05,0.30%,183164
2022-05-20,345.15,349.68,344.89,349.29,6.05,1.76%,133213
2022-05-19,341.07,344.1,340.55,343.24,-5.1,-1.46%,196527
2022-05-18,349.62,351.2,347.15,348.34,0.81,0.23%,166291
2022-05-17,345.14,347.91,345.13,347.53,3.59,1.04%,171093
2022-05-16,348.13,348.88,343.52,343.94,-1.56,-0.45%,231878
2022-05-13,340.49,345.82,339.72,345.5,7.56,2.24%,187355
2022-05-12,340.14,343.03,337.65,337.94,-5.5,-1.60%,262823
2022-05-11,342.22,344.45,341.22,343.44,-0.23,-0.07%,184518
2022-05-10,343.22,344.73,338.46,343.67,-1.74,-0.50%,249371
2022-05-09,347.71,349.4,344.84,345.41,-3.59,-1.03%,256536
2022-05-06,350.26,350.26,347.98,349,-4.85,-1.37%,622950
2022-05-04,354.85,356.05,352.27,353.85,0.53,0.15%,279177
2022-05-03,354.28,356.45,353.12,353.32,-0.7,-0.20%,132700
2022-05-02,351.31,354.53,350.94,354.02,-1.06,-0.30%,131468
2022-04-29,350.43,355.34,349.73,355.08,4.92,1.41%,182270
2022-04-28,348.61,350.16,346.02,350.16,3.95,1.14%,164684
2022-04-27,346.42,346.78,343.76,346.21,-4.46,-1.27%,146757
2022-04-26,351.33,352.2,350.38,350.67,1.69,0.48%,122916
2022-04-25,351.36,352.26,348.91,348.98,-6.45,-1.81%,139465
2022-04-22,355.54,356.08,353.64,355.43,-3.59,-1.00%,214761
2022-04-21,358.33,360.74,358.24,359.02,1.5,0.42%,148564
2022-04-20,357.14,358.28,354.93,357.52,0.16,0.04%,148872
2022-04-19,355.77,358.53,355.29,357.36,3.73,1.05%,130216
2022-04-18,352.19,354.87,351.46,353.63,-0.21,-0.06%,110996
2022-04-15,354.35,355.1,352.63,353.84,-3.54,-0.99%,142642
2022-04-14,359.23,359.29,356.17,357.38,-1.62,-0.45%,159155
2022-04-13,353.83,359.43,353.3,359,6.68,1.90%,177428
2022-04-12,353.51,354.83,351.37,352.32,-3.46,-0.97%,129717
2022-04-11,354.47,357.73,353.78,355.78,-0.23,-0.06%,131522
2022-04-08,356.86,357.62,354.27,356.01,0.28,0.08%,166111
2022-04-07,358.43,358.92,355.37,355.73,-5.28,-1.46%,193937
2022-04-06,362.04,362.96,360.52,361.01,-3.73,-1.02%,176510
2022-04-05,366.08,366.67,363.67,364.74,-0.2,-0.05%,244226
2022-04-04,361.85,365.08,360.69,364.94,1.75,0.48%,171554
2022-04-01,363.97,364.1,361.54,363.19,-2.42,-0.66%,446847
2022-03-31,364.1,367.01,363.94,365.61,1.11,0.30%,388609
2022-03-30,366.17,366.82,363.64,364.5,0.73,0.20%,141643
2022-03-29,364.18,365.56,362.27,363.77,1.71,0.47%,132695
2022-03-28,360.63,363.25,358.7,362.06,0,0.00%,136535
2022-03-25,364.76,364.92,361.34,362.06,-1.32,-0.36%,119074
2022-03-24,361.83,363.5,360.4,363.38,-1.46,-0.40%,149348
2022-03-23,364.06,366.4,362.89,364.84,3.18,0.88%,137431
2022-03-22,358.76,362.11,358.61,361.66,2.89,0.81%,120703
2022-03-21,363.81,363.86,358.41,358.77,-3.56,-0.98%,117142
2022-03-18,361.16,362.78,359.6,362.33,0.87,0.24%,155321
2022-03-17,362.39,364.18,361.36,361.46,5.37,1.51%,172536
2022-03-16,354.88,356.29,351.97,356.09,5.06,1.44%,125092
2022-03-15,352.34,353.9,350.38,351.03,-3.58,-1.01%,149108
2022-03-14,354.72,356.48,352.82,354.61,-0.7,-0.20%,163912
2022-03-11,355.95,356.85,353.26,355.31,-2.7,-0.75%,182548
2022-03-10,354.33,358.27,354.33,358.01,8.63,2.47%,212652
2022-03-08,348.12,352.82,346.85,349.38,-3.65,-1.03%,185897
2022-03-07,356.59,356.59,351.91,353.03,-8.66,-2.39%,193155
2022-03-04,365.35,365.54,360.19,361.69,-5.37,-1.46%,237190
2022-03-03,364.37,367.4,363.99,367.06,6.47,1.79%,167176
2022-03-02,361.52,362.81,359.89,360.59,-0.95,-0.26%,170944
2022-02-28,356.59,361.54,355.77,361.54,3.1,0.86%,237317
2022-02-25,358.79,360.85,357.02,358.44,3.4,0.96%,154972
2022-02-24,360.05,360.77,354.01,355.04,-9.4,-2.58%,167277
2022-02-23,366.25,366.58,362.39,364.44,0.93,0.26%,139928
2022-02-22,362.93,364.81,360.74,363.51,-4.78,-1.30%,162875
2022-02-21,362.83,368.75,361.14,368.29,-0.26,-0.07%,109544
2022-02-18,365.57,369.32,364.69,368.55,-1,-0.27%,137053
2022-02-17,368.11,373.03,365.48,369.55,2.25,0.61%,209730
2022-02-16,365.96,367.66,364.64,367.3,6.87,1.91%,108436
2022-02-15,364.44,364.79,358.75,360.43,-2.55,-0.70%,140833
2022-02-14,364.36,365.97,360.46,362.98,-5.63,-1.53%,146971
2022-02-11,367.54,371.35,366.9,368.61,-2.96,-0.80%,161469
2022-02-10,371.84,372.86,369.3,371.57,2.92,0.79%,180487
2022-02-09,367.02,368.65,365.79,368.65,5.17,1.42%,117910
2022-02-08,365.91,367.32,360.78,363.48,0.56,0.15%,133105
2022-02-07,365.4,365.4,359.59,362.92,-3.42,-0.93%,135534
2022-02-04,363.1,366.79,361.84,366.34,4.74,1.31%,109788
2022-02-03,364.07,366.13,361.6,361.6,3.62,1.01%,125482
2022-01-28,350.29,358.84,347.28,357.98,9.4,2.70%,146975
2022-01-27,360.83,363.11,348.55,348.58,-12.25,-3.39%,158318
2022-01-26,363.72,365.31,360.47,360.83,-1.56,-0.43%,109342
2022-01-25,370.3,370.73,359.85,362.39,-8.91,-2.40%,142181
2022-01-24,374.64,375.45,369.63,371.3,-4.78,-1.27%,112639
2022-01-21,376.74,377.69,373.35,376.08,-4.31,-1.13%,134237
2022-01-20,377.97,380.45,376.49,380.39,2.18,0.58%,114098
2022-01-19,377.75,381.91,376.74,378.21,-2.8,-0.73%,126170
2022-01-18,385.07,385.63,379.79,381.01,-2.8,-0.73%,127939
2022-01-17,387,387.33,381.56,383.81,-3.64,-0.94%,135817
2022-01-14,389.66,390.81,386.25,387.45,-5.55,-1.41%,146048
2022-01-13,395.68,395.93,392.52,393,-1.66,-0.42%,151714
2022-01-12,392.29,394.87,391.96,394.66,5.69,1.46%,210105
2022-01-11,388.32,390.43,386.26,388.97,1.45,0.37%,133428
2022-01-10,389.68,390.24,384.79,387.52,-3.33,-0.85%,139103
2022-01-07,388.3,391.75,388.06,390.85,4.63,1.20%,114276
2022-01-06,386.59,390.51,385.3,386.22,-4.17,-1.07%,152386
2022-01-05,394.91,395.2,387.56,390.39,-5.01,-1.27%,175488
2022-01-04,396.01,396.71,393.35,395.4,-0.11,-0.03%,117160
2022-01-03,397.16,399.44,394.26,395.51,1.32,0.33%,97581
2021-12-30,397.13,398.59,393.89,394.19,-2.53,-0.64%,103887
2021-12-29,398.74,399.16,395.85,396.72,-4.49,-1.12%,169048
2021-12-28,399.56,401.21,397.24,401.21,2.6,0.65%,169712
2021-12-27,400.61,401.07,398.31,398.61,-1.92,-0.48%,103635
2021-12-24,399.72,402.46,399.66,400.53,2.38,0.60%,102503
2021-12-23,397.98,398.36,395.71,398.15,2.08,0.53%,105281
2021-12-22,396.82,398.06,394.77,396.07,2.12,0.54%,100313
2021-12-21,394.35,395.28,391.19,393.95,2.58,0.66%,105997
2021-12-20,396.42,396.61,390.92,391.37,-7.59,-1.90%,97270
2021-12-17,394.46,399.02,394.26,398.96,1.28,0.32%,134697
2021-12-16,398.93,399.68,395.19,397.68,2.02,0.51%,94125
2021-12-15,393.99,395.76,392.85,395.66,0.25,0.06%,88943
2021-12-14,394.54,397.02,393.5,395.41,-1.86,-0.47%,116495
2021-12-13,399.38,403.37,396.83,397.27,-0.7,-0.18%,113328
2021-12-10,398.21,399.12,396.58,397.97,-3.16,-0.79%,92722
2021-12-09,398.19,401.13,396.93,401.13,3.86,0.97%,159053
2021-12-08,399.89,402.34,396.32,397.27,0.96,0.24%,140133
2021-12-07,392.88,396.46,391.29,396.31,3.46,0.88%,157041
2021-12-06,389.95,394.4,387.58,392.85,0.89,0.23%,124900
2021-12-03,388.21,393.3,386.42,391.96,2.32,0.60%,127840
2021-12-02,379.76,389.64,379.59,389.64,6.51,1.70%,150988
2021-12-01,376.45,384.05,373.61,383.13,9.89,2.65%,167598
2021-11-30,385.01,386.34,370.86,373.24,-8.39,-2.20%,258522
2021-11-29,381.25,384.97,379.27,381.63,-3.44,-0.89%,178592
2021-11-26,390.61,392.81,384.19,385.07,-6.86,-1.75%,145771
2021-11-25,395.67,395.73,391.69,391.93,-3.47,-0.88%,117213
2021-11-24,397.88,399.38,393.27,395.4,-1.04,-0.26%,128293
2021-11-23,399.43,399.52,395.58,396.44,-2.63,-0.66%,124508
2021-11-22,393.16,399.88,392.75,399.07,8.54,2.19%,144700
2021-11-19,387.97,391.24,387.31,390.53,3.09,0.80%,130759
2021-11-18,388.86,390,386.31,387.44,-2,-0.51%,130465
2021-11-17,394.88,395.25,388.7,389.44,-4.63,-1.17%,146332
2021-11-16,393.94,396.49,392.62,394.07,-0.29,-0.07%,134392
2021-11-15,393.36,395.56,392.16,394.36,3.98,1.02%,174938
2021-11-12,389.13,391.77,387.46,390.38,4.41,1.14%,166336
2021-11-11,383.84,386.03,382.57,385.97,-0.27,-0.07%,212910
2021-11-10,388.37,390.36,385.57,386.24,-4.12,-1.06%,117561
2021-11-09,389.17,393.13,388.25,390.36,0.77,0.20%,127585
2021-11-08,390.1,390.71,385.5,389.59,-0.27,-0.07%,126068
2021-11-05,394.65,394.81,387.66,389.86,-1.68,-0.43%,139113
2021-11-04,393.16,395.15,390.75,391.54,2.06,0.53%,185410
2021-11-03,395.73,395.85,388.52,389.48,-5.34,-1.35%,137221
2021-11-02,392.18,398.1,392.18,394.82,5.01,1.29%,126751
2021-11-01,390.34,391.65,389.14,389.81,1.34,0.34%,121440
2021-10-29,396.08,396.92,387.82,388.47,-5.42,-1.38%,146473
2021-10-28,394.87,397.79,393.89,393.89,-1.59,-0.40%,180654
2021-10-27,398.31,398.82,394.41,395.48,-3.59,-0.90%,193851
2021-10-26,397.75,399.67,396.28,399.07,4.06,1.03%,135398
2021-10-25,392.45,395.99,390.02,395.01,1.67,0.42%,152055
2021-10-22,392.82,394.91,391.54,393.34,0.16,0.04%,108298
2021-10-21,393.56,395.51,392.38,393.18,-0.56,-0.14%,136385
2021-10-20,397.48,398.09,393.6,393.74,-1.67,-0.42%,129247
2021-10-19,394.26,395.92,393.27,395.41,3.39,0.86%,113851
2021-10-18,393.39,394.16,389.74,392.02,-1.17,-0.30%,126679
2021-10-15,392.94,394.58,391.36,393.19,3.6,0.92%,170785
2021-10-14,387.39,389.63,386.48,389.59,5.49,1.43%,170130
2021-10-13,380.12,385.72,379.31,384.1,3.41,0.90%,154270
2021-10-12,386.27,386.6,379.08,380.69,-6.73,-1.74%,158572
2021-10-08,390.42,390.7,386.54,387.42,-0.72,-0.19%,150216
2021-10-07,385.87,388.78,384.59,388.14,6.21,1.63%,173712
2021-10-06,391.01,392.37,381.93,381.93,-6.08,-1.57%,229528
2021-10-05,391.95,392.02,384.92,388.01,-6.78,-1.72%,202463
2021-10-01,399.53,400.52,394.14,394.79,-6.51,-1.62%,155624
2021-09-30,399.41,402.9,397.98,401.3,1.21,0.30%,182825
2021-09-29,400.44,402.28,396.78,400.09,-6.11,-1.50%,180584
2021-09-28,410.74,411.1,405.79,406.2,-4.77,-1.16%,175590
2021-09-27,409.28,412.72,408.97,410.97,1.13,0.28%,153145
2021-09-24,412.01,412.8,409.09,409.84,-0.62,-0.15%,153818
2021-09-23,409.04,410.92,407.39,410.46,-0.53,-0.13%,164544
2021-09-17,408.9,411.36,407.07,410.99,1.77,0.43%,165787
2021-09-16,414.22,414.68,408.79,409.22,-3.63,-0.88%,166059
2021-09-15,412.05,414.61,410.75,412.85,0.49,0.12%,193193
2021-09-14,411.06,414.85,410.98,412.36,2.66,0.65%,179782
2021-09-13,407.33,410.87,406.43,409.7,1,0.24%,152910
2021-09-10,407.99,409.78,405.99,408.7,1.42,0.35%,145028
2021-09-09,411.98,413.64,406.68,407.28,-7.26,-1.75%,189640
2021-09-08,416.35,417.62,413.34,414.54,-3.26,-0.78%,182486
2021-09-07,419.85,419.88,416.28,417.8,-2.57,-0.61%,134459
2021-09-06,418.99,420.74,417.85,420.37,1.15,0.27%,151551
2021-09-03,417.67,419.78,416.4,419.22,3.33,0.80%,147690
2021-09-02,419.19,420.2,414.99,415.89,-4.03,-0.96%,146860
2021-09-01,419.17,421.31,417.16,419.92,0.13,0.03%,151585
2021-08-31,411.69,419.9,409.67,419.79,8.29,2.01%,170992
2021-08-30,414.15,414.85,410.04,411.5,1.26,0.31%,145640
2021-08-27,408.63,411.79,406.81,410.24,-0.14,-0.03%,132447
2021-08-26,414.49,415.74,409.79,410.38,-3.57,-0.86%,174282
2021-08-25,414.01,416.03,410.63,413.95,1.47,0.36%,176200
2021-08-24,408.47,412.94,408.26,412.48,7.9,1.95%,165651
2021-08-23,404.32,407.82,401.63,404.58,3.8,0.95%,166036
2021-08-20,406.64,408.35,399.18,400.78,-4.18,-1.03%,197108
2021-08-19,410.84,412.93,404.91,404.96,-8.4,-2.03%,192939
2021-08-18,410.92,415.38,408.46,413.36,2.05,0.50%,184485
2021-08-17,415.5,417.23,410.31,411.31,-4.75,-1.14%,207917
2021-08-13,421.38,422.04,413.64,416.06,-6.32,-1.50%,221073
2021-08-12,423.17,425.53,421.42,422.38,-2.36,-0.56%,251298
2021-08-11,427.16,428.88,424.3,424.74,-3.82,-0.89%,170671
2021-08-10,433.01,433.11,427.28,428.56,-3.09,-0.72%,174090
2021-08-09,431.57,433.16,430.05,431.65,-1.64,-0.38%,140989
2021-08-06,434.85,436.61,432.27,433.29,-1.45,-0.33%,143715
2021-08-05,436.46,437.85,434.24,434.74,-1.31,-0.30%,267970
2021-08-04,431.6,436.71,430.16,436.05,6.07,1.41%,166736
2021-08-03,426.65,429.98,426.42,429.98,3.19,0.75%,151056
2021-08-02,426.29,426.85,422.86,426.79,2.88,0.68%,117344
2021-07-30,428.12,428.21,423.91,423.91,-5.58,-1.30%,143585
2021-07-29,430.58,431.19,428.18,429.49,0.34,0.08%,112355
2021-07-28,427.3,429.71,425.34,429.15,0.93,0.22%,132994
2021-07-27,430.14,431.15,427.89,428.22,0.75,0.18%,142525
2021-07-26,433.14,433.28,427.46,427.47,-4.08,-0.95%,146233
2021-07-23,431.75,433.23,430.27,431.55,0.17,0.04%,173066
2021-07-22,428.75,431.93,428.65,431.38,5.38,1.26%,182078
2021-07-21,430.99,431.29,425.82,426,-2.55,-0.60%,212123
2021-07-20,427.14,428.78,425.99,428.55,-1.34,-0.31%,163962
2021-07-19,432.25,432.25,428.94,429.89,-4.93,-1.13%,152020
2021-07-16,436.24,436.24,432.85,434.82,-1.94,-0.44%,149475
2021-07-15,434.24,436.85,433.12,436.76,3.19,0.74%,152535
2021-07-14,434.47,434.57,431.75,433.57,-1.14,-0.26%,147016
2021-07-13,432.39,435.21,432.36,434.71,3.43,0.80%,148612
2021-07-12,429.33,432.02,429.3,431.28,3.44,0.80%,134960
2021-07-09,431.64,431.65,424.26,427.84,-4.79,-1.11%,238815
2021-07-08,437.2,438.56,432.6,432.63,-4.34,-0.99%,216934
2021-07-07,439.29,439.29,435.78,436.97,-2.53,-0.58%,178316
2021-07-06,437.96,440.68,437.96,439.5,1.84,0.42%,194159
2021-07-05,436.53,438.92,436.53,437.66,1.66,0.38%,180179
2021-07-02,436.31,438.07,435.54,436,-0.34,-0.08%,197297
2021-07-01,439.01,439.26,435.8,436.34,-2.5,-0.57%,172562
2021-06-30,437.76,440.4,437.7,438.84,1.3,0.30%,167361
2021-06-29,440.48,440.6,436.17,437.54,-2.44,-0.55%,231752
2021-06-28,440.78,441.54,438.55,439.98,-0.42,-0.10%,237759
2021-06-25,438.76,442.31,438.75,440.4,2.02,0.46%,367173
2021-06-24,437.54,439.37,436.96,438.38,1.65,0.38%,299669
2021-06-23,434.65,437.37,434.62,436.73,2.31,0.53%,372077
2021-06-22,432.1,435.05,432.1,434.42,2.96,0.69%,483816
2021-06-21,434.57,434.57,429.52,431.46,-3.56,-0.82%,242429
2021-06-18,434.82,436.69,434.39,435.02,0.29,0.07%,230152
2021-06-17,436.61,436.63,432.78,434.73,-2.23,-0.51%,200549
2021-06-16,434.19,437.47,433.88,436.96,2.83,0.65%,306886
2021-06-15,433.41,434.99,432.48,434.13,0.91,0.21%,336105
2021-06-14,432.7,433.59,431.28,433.22,0.44,0.10%,236258
2021-06-11,429.61,433.42,429.61,432.78,3.43,0.80%,328904
2021-06-10,428.23,430.87,427.5,429.35,1.19,0.28%,267081
2021-06-09,432.35,432.53,428.16,428.16,-4.72,-1.09%,248515
2021-06-08,433.21,435.02,431.71,432.88,-0.38,-0.09%,323675
2021-06-07,432.82,435.77,430.76,433.26,1.04,0.24%,337933
2021-06-04,433.7,433.7,429.33,432.22,-1.65,-0.38%,290325
2021-06-03,430.2,435.6,430.2,433.87,3.72,0.86%,219810
2021-06-02,430.6,433.06,429.14,430.15,-0.17,-0.04%,292515
2021-06-01,428.08,432.18,426.94,430.32,2.41,0.56%,225690
2021-05-31,426.31,428.18,424.29,427.91,1.96,0.46%,230909
2021-05-28,423.88,427.51,423.58,425.95,2.95,0.70%,203179
2021-05-27,423.92,424.38,419.78,423,-0.54,-0.13%,311198
2021-05-26,424.46,426.05,422.55,423.54,-0.81,-0.19%,199313
2021-05-25,421.91,424.83,421.2,424.35,3.78,0.90%,176015
2021-05-24,421.92,423.09,419.38,420.57,-1.51,-0.36%,177689
2021-05-21,423.12,427.75,420.7,422.08,0.4,0.09%,196316
2021-05-20,423.38,423.38,419.07,421.68,-1.41,-0.33%,181884
2021-05-18,418.28,423.93,418.28,423.09,4.82,1.15%,174859
2021-05-17,421.97,423.19,416.08,418.27,-1.9,-0.45%,206999
2021-05-14,417.5,421.75,417.5,420.17,4.1,0.99%,199291
2021-05-13,419.6,421.07,414.28,416.07,-5.79,-1.37%,379123
2021-05-12,428.74,428.96,419.11,421.86,-6.91,-1.61%,295194
2021-05-11,434.14,434.14,427.21,428.77,-6.86,-1.57%,301803
2021-05-10,429.04,436.73,429.04,435.63,7.07,1.65%,255442
2021-05-07,426.51,429.94,426,428.56,1.92,0.45%,229119
2021-05-06,423.62,426.64,421.25,426.64,3.07,0.72%,313800
2021-05-04,420.99,423.57,418.53,423.57,3.21,0.76%,208973
2021-05-03,422.54,426.3,419.3,420.36,-2,-0.47%,234399
2021-04-30,426.61,426.83,421.73,422.36,-3.92,-0.92%,255787
2021-04-29,428.07,430.14,424.83,426.28,-1.2,-0.28%,231945
2021-04-28,432.2,432.82,426.88,427.48,-4.66,-1.08%,261384
2021-04-27,432.46,433.43,430.36,432.14,-0.22,-0.05%,216227
2021-04-26,428.89,432.36,428.68,432.36,4.02,0.94%,244075
2021-04-23,426.68,428.87,422.92,428.34,0.97,0.23%,215677
2021-04-22,427.06,430.44,427.06,427.37,0.62,0.15%,202883
2021-04-21,433.4,433.47,425.93,426.75,-7.85,-1.81%,187757
2021-04-20,431.9,434.7,431.38,434.6,2.64,0.61%,185746
2021-04-19,432.74,434.28,431.16,431.96,-0.47,-0.11%,172933
2021-04-16,432.43,434.57,430.98,432.43,-0.23,-0.05%,188081
2021-04-15,430.41,434.4,430.39,432.66,1.95,0.45%,189530
2021-04-14,429.14,431.65,428.04,430.71,1.63,0.38%,154421
2021-04-13,424.4,429.84,423.89,429.08,4.86,1.15%,162002
2021-04-12,424.73,426.62,423.1,424.22,-0.08,-0.02%,134969
2021-04-09,427.26,428.65,423.33,424.3,-2.56,-0.60%,166987
2021-04-08,426.73,427.32,424.36,426.86,0.16,0.04%,221926
2021-04-07,426.22,428.38,424.96,426.7,0.82,0.19%,176730
2021-04-06,425.18,427.68,423.35,425.88,1.03,0.24%,162958
2021-04-05,425.15,426.31,422.16,424.85,1.11,0.26%,157714
2021-04-02,422.19,425.13,422.02,423.74,4.32,1.03%,163071
2021-04-01,416.99,419.78,416.51,419.42,4.38,1.06%,184612
2021-03-31,417.12,420.18,415.04,415.04,-1.57,-0.38%,225861
2021-03-30,412.32,417.44,412.32,416.61,4.56,1.11%,207510
2021-03-29,413.9,414.72,410.45,412.05,-0.84,-0.20%,312523
2021-03-26,409.16,413.04,409.13,412.89,4.36,1.07%,305214
2021-03-25,407.03,411.27,405.59,408.53,1.43,0.35%,180928
2021-03-24,407.32,408.76,404.03,407.1,-1.61,-0.39%,193067
2021-03-23,412.89,416.15,408.4,408.71,-3.93,-0.95%,234499
2021-03-22,412.92,414.48,410.27,412.64,-0.27,-0.07%,270009
2021-03-19,416.7,416.71,410.59,412.91,-4.15,-1.00%,189021
2021-03-18,414.97,420.86,414.97,417.06,3.05,0.74%,164055
2021-03-17,417.35,417.67,411.32,414.01,-3.3,-0.79%,132771
2021-03-16,414.82,418.06,414.11,417.31,3.13,0.76%,155155
2021-03-15,416.58,417.69,413.61,414.18,-1.95,-0.47%,161313
2021-03-12,413.67,417.76,413.67,416.13,5.11,1.24%,184655
2021-03-11,404.36,413.24,404.36,411.02,7.54,1.87%,231925
2021-03-10,406.37,411.22,402.37,403.48,-2.31,-0.57%,172526
2021-03-09,407.33,408.83,399.37,405.79,-2.55,-0.62%,313260
2021-03-08,412.86,416.37,407.6,408.34,-3.66,-0.89%,216887
2021-03-05,413.32,413.78,405.93,412,-2.17,-0.52%,293665
2021-03-04,419.34,419.34,411.28,414.17,-6.1,-1.45%,214045
2021-03-03,414.45,420.27,412.4,420.27,5.47,1.32%,198308
2021-03-02,411,422.41,411,414.8,4.89,1.19%,229886
2021-02-26,421.19,421.19,406.59,409.91,-12.61,-2.98%,297499
2021-02-25,412.05,422.56,412.05,422.52,15.36,3.77%,200314
2021-02-24,415.78,420.05,406.86,407.16,-8.66,-2.08%,252631
2021-02-23,415.07,419.58,410.84,415.82,-1.06,-0.25%,228354
2021-02-22,421.96,425.9,416.8,416.88,-4.06,-0.96%,272967
2021-02-19,417.98,421.36,411.58,420.94,3.5,0.84%,246865
2021-02-18,423.92,425.38,417.44,417.44,-6.76,-1.59%,181374
2021-02-17,429.2,429.24,421.77,424.2,-5.04,-1.17%,230412
2021-02-16,427.8,432.25,426.73,429.24,2.23,0.52%,176073
2021-02-15,420.85,428.64,420.6,427.01,7.36,1.75%,191241
2021-02-10,418.4,421.48,414.77,419.65,1.74,0.42%,184756
2021-02-09,420.71,424.94,417.87,417.91,-1.04,-0.25%,201526
2021-02-08,422.3,424.62,418.37,418.95,-4.35,-1.03%,229540
2021-02-05,419.84,424.2,417.85,423.3,4.99,1.19%,221559
2021-02-04,425.92,426.23,415.58,418.31,-6.9,-1.62%,263572
2021-02-03,422.69,427.51,419.75,425.21,4.18,0.99%,248282
2021-02-02,416.77,427.63,416.77,421.03,5.58,1.34%,219043
2021-02-01,404.71,415.53,400.59,415.45,10.89,2.69%,235012
2021-01-29,417.92,421.05,402.94,404.56,-11.84,-2.84%,305296
2021-01-28,422.92,422.92,413.34,416.4,-7.27,-1.72%,242941
2021-01-27,427.11,432.62,423.23,423.67,-3.06,-0.72%,205609
2021-01-26,436.27,437.19,425.64,426.73,-10.57,-2.42%,236600
2021-01-25,427.64,437.96,427.17,437.3,10.17,2.38%,231210
2021-01-22,430.73,433.84,427.13,427.13,-3.14,-0.73%,269257
2021-01-21,425.29,431.05,424.64,430.27,6.26,1.48%,302482
2021-01-20,425.17,429.39,419.27,424.01,2.66,0.63%,259501
2021-01-19,410.21,423.82,409.67,421.35,10.85,2.64%,259933
2021-01-18,419.7,419.7,408.69,410.5,-9.93,-2.36%,289243
2021-01-15,430.37,436.35,420.33,420.43,-9.42,-2.19%,279520
2021-01-14,430.43,431.54,427.13,429.85,-0.53,-0.12%,284702
2021-01-13,427.98,433.27,424.97,430.38,2.51,0.59%,303667
2021-01-12,430.8,432.04,416.29,427.87,-3.26,-0.76%,362364
2021-01-11,431.69,449.04,424.16,431.13,0.91,0.21%,545782
2021-01-08,412.06,431.99,412.06,430.22,19.41,4.72%,499112
2021-01-07,404,414.65,403.99,410.81,8.73,2.17%,460331
2021-01-06,406.33,411.21,401.06,402.08,-3.95,-0.97%,429077
2021-01-05,399.79,406.03,396.43,406.03,6.15,1.54%,470868
2021-01-04,389.5,400.78,388.88,399.88,10.59,2.72%,361886
2020-12-30,381.21,390.04,379.14,389.29,8.02,2.10%,236858
2020-12-29,380.34,382.31,377.04,381.27,1.34,0.35%,234719
2020-12-28,381.51,383.84,378.44,379.93,0.75,0.20%,304328
2020-12-24,371.67,380.29,371.67,379.18,7.86,2.12%,314368
2020-12-23,367.02,371.93,364.72,371.32,4.89,1.33%,296021
2020-12-22,371.08,371.91,366.43,366.43,-5.75,-1.54%,291110
2020-12-21,371.51,372.44,368.05,372.18,0.63,0.17%,252572
2020-12-18,372.02,373.37,370.5,371.55,-0.45,-0.12%,307533
2020-12-17,372.12,372.6,368.07,372,-0.53,-0.14%,244579
2020-12-16,371.86,374.53,371.03,372.53,1.65,0.44%,188952
2020-12-15,371.75,372.64,367.7,370.88,-0.68,-0.18%,243331
2020-12-14,372.14,374.72,370.5,371.56,-0.68,-0.18%,284473
2020-12-11,370.45,374.3,370.39,372.24,2.87,0.78%,331020
2020-12-10,370.74,372.68,365.76,369.37,-2.1,-0.57%,344585
2020-12-09,363.77,371.64,363.77,371.47,8.02,2.21%,191952
2020-12-08,369.73,370.11,363.41,363.45,-6.41,-1.73%,192366
2020-12-07,368.59,371.51,365.32,369.86,2.23,0.61%,221800
2020-12-04,363.28,369.67,363.23,367.63,5.97,1.65%,281110
2020-12-03,360.36,361.66,358.45,361.66,3,0.84%,206857
2020-12-02,354.33,359.15,354,358.66,6.26,1.78%,220902
2020-12-01,349.37,353.26,349.07,352.4,6.35,1.83%,260004
2020-11-30,354.7,354.78,346.05,346.05,-6.68,-1.89%,339062
2020-11-27,351.83,353.19,350.63,352.73,0.61,0.17%,178419
2020-11-26,348.66,352.12,346.77,352.12,3.82,1.10%,182185
2020-11-25,353.05,353.96,346.17,348.3,-1.98,-0.57%,333143
2020-11-24,350.3,352.55,348.61,350.28,1.82,0.52%,295437
2020-11-23,341.51,348.94,340.6,348.46,7.84,2.30%,380836
2020-11-20,339.48,341.71,338.59,340.62,0.46,0.14%,179112
2020-11-19,338.56,340.42,337.51,340.16,0.2,0.06%,215097
2020-11-18,341.07,341.81,338.64,339.96,0.11,0.03%,231636
2020-11-17,340.84,342.57,339.06,339.85,-0.78,-0.23%,403201
2020-11-16,335.2,341.15,335.2,340.63,7.6,2.28%,465748
2020-11-13,329.09,333.15,328.25,333.03,3.31,1.00%,291359
2020-11-12,330.57,331.58,328.46,329.72,-1.4,-0.42%,342298
2020-11-11,327.04,331.46,327.01,331.12,4.99,1.53%,323227
2020-11-10,326.33,327,323.79,326.13,0.3,0.09%,331188
2020-11-09,325.25,328.02,324.51,325.83,3.73,1.16%,276824
2020-11-06,322.72,324.28,320.61,322.1,0.59,0.18%,143961
2020-11-05,315.74,321.51,315.27,321.51,7.68,2.45%,186088
2020-11-04,314.31,315.62,311.37,313.83,1.76,0.56%,212323
2020-11-03,308.14,312.35,308.01,312.07,6.12,2.00%,129003
2020-11-02,302.67,306.43,301.37,305.95,4.35,1.44%,111034
2020-10-30,308.91,309.08,301.58,301.6,-8.34,-2.69%,178914
2020-10-29,308.99,310.56,306.63,309.94,-3.23,-1.03%,139037
2020-10-28,310.66,313.3,309.44,313.17,1.37,0.44%,120214
2020-10-27,311.5,313.93,310.55,311.8,-1.73,-0.55%,162315
2020-10-26,315.63,316.78,313.33,313.53,-1.26,-0.40%,170879
2020-10-23,314.98,315.83,312.31,314.79,1.02,0.33%,198024
2020-10-22,313.62,314.29,311.55,313.77,-1.99,-0.63%,140732
2020-10-21,315.34,316.61,314.16,315.76,1.05,0.33%,136809
2020-10-20,311.02,314.91,309.95,314.71,2.12,0.68%,135684
2020-10-19,313.43,314.94,312.19,312.59,0.76,0.24%,138223
2020-10-16,314.41,315.47,309.67,311.83,-2.09,-0.67%,126440
2020-10-15,315.76,315.89,312.4,313.92,-2.65,-0.84%,124410
2020-10-14,319.6,319.88,315.71,316.57,-3.01,-0.94%,129341
2020-10-13,321.04,321.45,316.98,319.58,0.43,0.13%,126741
2020-10-12,318.99,320.01,317.67,319.15,1.68,0.53%,140937
2020-10-08,320.31,320.38,316.6,317.47,0.12,0.04%,168692
2020-10-07,312.34,317.44,311.82,317.35,2.9,0.92%,124429
2020-10-06,315.13,316.48,313.03,314.45,0.94,0.30%,139894
2020-10-05,309.65,314.66,309.09,313.51,4.07,1.32%,157986
2020-09-29,310.01,311.34,308.52,309.44,2.41,0.78%,138815
2020-09-28,306.49,308.34,304.64,307.03,3.46,1.14%,173178
2020-09-25,305.38,305.55,301.93,303.57,1.09,0.36%,156860
2020-09-24,304.85,306.98,301.95,302.48,-7.16,-2.31%,181246
2020-09-23,311.5,311.76,303.29,309.64,0.82,0.27%,208052
2020-09-22,315.53,316.02,307.4,308.82,-7.07,-2.24%,304358
2020-09-21,318.13,320.86,314.78,315.89,-2.5,-0.79%,165855
2020-09-18,319.2,319.81,316.62,318.39,0.39,0.12%,153535
2020-09-17,321.3,322.23,316.92,318,-4.31,-1.34%,178303
2020-09-16,323.14,324.19,321.52,322.31,-1.05,-0.32%,146879
2020-09-15,321.82,323.57,320.54,323.36,2.38,0.74%,152449
2020-09-14,319.83,321.22,318.54,320.98,4.53,1.43%,176783
2020-09-11,315.64,316.77,313.2,316.45,-0.08,-0.03%,165157
2020-09-10,317.92,318.38,315.46,316.53,2.76,0.88%,234267
2020-09-09,313.54,315.9,312.9,313.77,-3.61,-1.14%,198501
2020-09-08,316.31,317.43,314.56,317.38,3.71,1.18%,227269
2020-09-07,312.08,314.44,310.93,313.67,1.64,0.53%,264670
2020-09-04,308.25,312.64,308.04,312.03,-4.4,-1.39%,408030
2020-09-03,314.73,317.46,314.45,316.43,4.93,1.58%,342178
2020-09-02,311.69,312.92,308.52,311.5,1.69,0.55%,337044
2020-09-01,309.08,311.15,307.63,309.81,2.67,0.87%,342809
2020-08-31,315.46,316.11,307.12,307.14,-5.1,-1.63%,312176
2020-08-28,313.86,315.95,311.06,312.24,0.86,0.28%,256410
2020-08-27,314.46,315.17,311.37,311.38,-2.81,-0.89%,175568
2020-08-26,313.61,315.08,309.74,314.19,0.6,0.19%,193544
2020-08-25,312.45,314.14,310.57,313.59,4.26,1.38%,197815
2020-08-24,306.86,310.27,303.39,309.33,3.17,1.04%,142209
2020-08-21,306.17,309.88,303.15,306.16,4.57,1.52%,166304
2020-08-20,310.45,312.77,301.15,301.59,-11.95,-3.81%,249735
2020-08-19,315.96,316.82,313.18,313.54,0.7,0.22%,159932
2020-08-18,319.57,321.69,311.2,312.84,-6.4,-2.00%,247516
2020-08-14,321.59,322.66,316.28,319.24,-4.09,-1.26%,260399
2020-08-13,325.84,326.22,319.66,323.33,0.65,0.20%,285739
2020-08-12,320.31,322.68,317.3,322.68,1.66,0.52%,293136
2020-08-11,317.63,322.64,317.56,321.02,4.25,1.34%,297602
2020-08-10,312.75,317.84,312.08,316.77,4.2,1.34%,261178
2020-08-07,311.99,314.11,310,312.57,1.25,0.40%,299118
2020-08-06,307.88,312.84,307.88,311.32,4.68,1.53%,254205
2020-08-05,303.94,306.67,302.91,306.64,3.6,1.19%,210808
2020-08-04,302.5,304.27,301.48,303.04,3.58,1.20%,219866
2020-08-03,299.57,300.33,297.57,299.46,0.14,0.05%,179728
2020-07-31,303.69,304.16,298.89,299.32,-2.53,-0.84%,201965
2020-07-30,303.13,304.13,301.49,301.85,0.6,0.20%,191758
2020-07-29,300.57,303.51,299.61,301.25,1.12,0.37%,264445
2020-07-28,296.53,301.34,296.38,300.13,6.62,2.26%,301281
2020-07-27,291.03,295.26,290.82,293.51,2.85,0.98%,193245
2020-07-24,289.84,292.74,289.42,290.66,-1.71,-0.58%,216209
2020-07-23,293.62,293.62,290.49,292.37,-1.67,-0.57%,250981
2020-07-22,294.71,296.14,293.39,294.04,-1.12,-0.38%,327318
2020-07-21,294.03,296.11,293.2,295.16,4.35,1.50%,366994
2020-07-20,292.76,292.76,289.01,290.81,-0.76,-0.26%,161819
2020-07-17,289.9,292.1,289.9,291.57,2.32,0.80%,118643
2020-07-16,292.34,292.74,288.46,289.25,-3.02,-1.03%,129448
2020-07-15,292.94,294.42,290.89,292.27,2.64,0.91%,168346
2020-07-14,288.42,289.63,286.89,289.63,-0.21,-0.07%,126301
2020-07-13,287.92,290.49,286.86,289.84,4.78,1.68%,127051
2020-07-10,287.87,288.09,283.51,285.06,-2.19,-0.76%,136769
2020-07-09,287.8,289.41,287.08,287.25,1.28,0.45%,140609
2020-07-08,287.2,288.41,285.18,285.97,-0.8,-0.28%,119448
2020-07-07,292.74,292.98,286.76,286.77,-3.85,-1.32%,156134
2020-07-06,286.84,291.14,286.31,290.62,4.73,1.65%,128117
2020-07-03,285.59,286.09,283.36,285.89,2.03,0.72%,100221
2020-07-02,281.3,283.89,280.71,283.86,3.6,1.28%,111369
2020-07-01,283.1,283.84,279.44,280.26,0.17,0.06%,133801
2020-06-30,282.55,283.98,280.09,280.09,2.05,0.74%,179501
2020-06-29,279.36,281.77,277.06,278.04,-5.34,-1.88%,137759
2020-06-26,283.36,284.58,280.65,283.38,3.65,1.30%,169014
2020-06-25,282.38,284.36,279.73,279.73,0,0.00%,152979
2020-06-24,283.71,288.3,283.3,286.7,4.76,1.69,200574
2020-06-23,284.64,286.04,279.26,281.94,0.52,0.18,163675
2020-06-22,281.01,283.71,280.34,281.42,-1.95,-0.69,139843
2020-06-19,284.56,284.7,278.53,283.37,1.46,0.52,189129
2020-06-18,281.74,283.39,280.02,281.91,-1.11,-0.39,181587
2020-06-17,282.08,284.9,278.33,283.02,0.43,0.15,337224
2020-06-16,275.89,282.59,274,282.59,14.64,5.46,247894
2020-06-15,278.61,280.87,267.95,267.95,-13.83,-4.91,262444
2020-06-12,276.97,282.54,276.05,281.78,-6.84,-2.37,232833
2020-06-11,289.98,292.08,284.29,288.62,-3.28,-1.12,275904
2020-06-10,291.03,292.92,289.6,291.9,0.58,0.2,229067
2020-06-09,293.96,294.87,287.83,291.32,0.55,0.19,268569
2020-06-08,295.41,295.68,289.71,290.77,0.15,0.05,286659
2020-06-05,286.3,291.5,284.5,290.62,4.17,1.46,282059
2020-06-04,291.17,292.9,284.93,286.45,0.54,0.19,364576
2020-06-03,279.14,287.49,278.98,285.91,9.83,3.56,476504
2020-06-02,272.65,276.47,272.22,276.08,2.89,1.06,251026
2020-06-01,269.29,273.39,268.93,273.19,4.87,1.81,171513
2020-05-29,266.62,269.61,265.23,268.32,0.03,0.01,269468
2020-05-28,270.17,271.44,264.85,268.29,0.65,0.24,248929
2020-05-27,266.71,269.17,265.86,267.64,0.33,0.12,247180
2020-05-26,263.48,267.31,262.95,267.31,4.55,1.73,175423
2020-05-25,260.95,262.82,259.16,262.76,3.14,1.21,125429
2020-05-22,263.82,264.07,258.34,259.62,-4.12,-1.56,166029
2020-05-21,264.52,264.85,263.07,263.74,1.02,0.39,159483
2020-05-20,260.48,263.25,260.48,262.72,0.93,0.36,140295
2020-05-19,261.12,262.34,259.96,261.79,6.35,2.49,253334
2020-05-18,254.55,256.31,252.95,255.44,1.65,0.65,223000
2020-05-15,255.34,255.49,252.02,253.79,0.14,0.06,228895
2020-05-14,253.26,254.39,252.09,253.65,-2.2,-0.86,167643
2020-05-13,250.03,255.85,249.95,255.85,2.48,0.98,141246
2020-05-12,255.33,255.56,250.98,253.37,-1.58,-0.62,166805
2020-05-11,257.67,258.87,254.59,254.95,-1.67,-0.65,144301
2020-05-08,256.66,258.29,256.23,256.62,2.16,0.85,125220
2020-05-07,253.88,256.14,253.37,254.46,-0.54,-0.21,114357
2020-05-06,253.76,255.01,251.26,255,4.4,1.76,133276
2020-05-04,252.44,253.7,250.34,250.6,-7.55,-2.92,174038
2020-04-29,256.58,259.67,256.04,258.15,1.76,0.69,184478
2020-04-28,255.91,257.34,253.22,256.39,1.55,0.61,172425
2020-04-27,251.18,255.79,250.61,254.84,4.56,1.82,151357
2020-04-24,252.47,252.86,249.19,250.28,-3.46,-1.36,154306
2020-04-23,253.42,255.22,251.58,253.74,1.86,0.74,163807
2020-04-22,246.16,252.18,244.56,251.88,2.48,0.99,184498
2020-04-21,250.26,251.88,245.11,249.4,-2.74,-1.09,257155
2020-04-20,253.85,255.93,251.46,252.14,-2.88,-1.13,211000
2020-04-17,252.52,257.37,252.38,255.02,7.92,3.21,287358
2020-04-16,244.99,247.87,243.61,247.1,-0.35,-0.14,197540
2020-04-14,246.2,248.55,244.58,247.45,4.05,1.66,193118
2020-04-13,246.59,246.9,243.39,243.4,-4.6,-1.85,195898
2020-04-10,245.14,248.21,244.02,248,2.39,0.97,286111
2020-04-09,246.13,246.46,243.11,245.61,3.72,1.54,175943
2020-04-08,243.71,246.99,241.77,241.89,-2.98,-1.22,173124
2020-04-07,245.65,247.39,240.68,244.87,4.06,1.69,224450
2020-04-06,234.4,241.19,233.75,240.81,9.11,3.93,190735
2020-04-03,232.48,234.45,229.23,231.7,-0.14,-0.06,181037
2020-04-02,227.47,232.22,223.6,231.84,5.49,2.43,181789
2020-04-01,234.23,237.52,226.34,226.35,-10.47,-4.42,228582
2020-03-31,235.2,237.47,232.5,236.82,4.37,1.88,240443
2020-03-30,227.05,234.7,225.09,232.45,-1.34,-0.57,167229
2020-03-27,239.11,239.48,227.01,233.79,4.45,1.94,249097
2020-03-26,231.91,236.61,229.22,229.34,-3.55,-1.52,290839
2020-03-25,228.37,233.42,224.74,232.89,12.55,5.7,306106
2020-03-24,207.65,220.34,205.41,220.34,18.47,9.15,225734
2020-03-23,200.8,206.66,198.67,201.87,-11.8,-5.52,210303
2020-03-20,204.84,214.08,200.54,213.67,14.39,7.22,269348
2020-03-19,220.72,220.85,196.27,199.28,-16.55,-7.67,303559
2020-03-18,228.63,230.04,215.81,215.83,-11.06,-4.87,208043
2020-03-17,222.94,234.56,222.46,226.89,-6.08,-2.61,216732
2020-03-16,245.21,245.21,232.76,232.97,-7.68,-3.19,175050
2020-03-13,231.71,246.19,227.36,240.65,-6.97,-2.81,298898
2020-03-12,253.93,255.49,243.76,247.62,-9.39,-3.65,242469
2020-03-11,264.63,265.04,255.69,257.01,-7.66,-2.89,194207
2020-03-10,261.94,265.57,260.75,264.67,1.56,0.59,173094
2020-03-09,266.39,267.75,261.76,263.11,-11.99,-4.36,182667
2020-03-06,276.74,278.31,274,275.1,-6.28,-2.23,140905
2020-03-05,280.66,282.05,277.91,281.38,3.25,1.17,147443
2020-03-04,270.13,278.9,270.13,278.13,6.57,2.42,208456
2020-03-03,277.44,277.54,270.79,271.56,1.19,0.44,146719
2020-03-02,269.59,272.6,265.7,270.37,2.35,0.88,163722
2020-02-28,272.33,273.98,267.23,268.02,-9.07,-3.27,202612
2020-02-27,279.46,281.09,276.07,277.09,-2.85,-1.02,110499
2020-02-26,278.45,281.98,277.68,279.94,-4.3,-1.51,119551
2020-02-25,280.48,284.63,279.77,284.24,3.22,1.15,117025
2020-02-24,285.51,286.62,281.02,281.02,-11.4,-3.9,132824
2020-02-21,292.16,295.24,291.96,292.42,-4.23,-1.43,100708
2020-02-20,300.34,301.35,295.01,296.65,-1.68,-0.56,90009
2020-02-19,299.68,300.38,295.53,298.33,0.59,0.2,84259
2020-02-18,300.26,301.29,297.2,297.74,-5.02,-1.66,84753
2020-02-17,302.84,304.05,300.99,302.76,-0.25,-0.08,84276
2020-02-14,300.95,304.2,299.18,303.01,2.08,0.69,80533
2020-02-13,302.79,304.43,300.48,300.93,-0.61,-0.2,115074
2020-02-12,299.83,302.2,298.09,301.54,2.26,0.76,110634
2020-02-11,297.91,301.1,297.48,299.28,3.04,1.03,78351
2020-02-10,294.07,296.73,293.33,296.24,-1.97,-0.66,72223
2020-02-07,299.59,300.05,296.01,298.21,-2.44,-0.81,108113
2020-02-06,294.74,300.98,294.32,300.65,8.63,2.96,110215
2020-02-05,293.57,294.26,290.3,292.02,1.34,0.46,102639
2020-02-04,285.19,291.38,285.11,290.68,5.63,1.98,105451
2020-02-03,280.17,286.24,279.78,285.05,0.52,0.18,111063
2020-01-31,290.24,291.47,284.53,284.53,-3.84,-1.33,101455
2020-01-30,293.27,294.11,287.09,288.37,-5.61,-1.91,101535
2020-01-29,294.38,295.67,292.45,293.98,1.21,0.41,85731
2020-01-28,294.98,296.3,291.3,292.77,-9.56,-3.16,130172
2020-01-23,303.77,304.72,301.71,302.33,-3.75,-1.23,86908
2020-01-22,301.79,306.52,301.16,306.08,3.97,1.31,79333
2020-01-21,304.94,306.09,301.85,302.11,-3.47,-1.14,67631
2020-01-20,304.99,307.54,304.77,305.58,2.28,0.75,78037
2020-01-17,305.07,306.05,302.51,303.3,0.52,0.17,81541
2020-01-16,299.93,302.91,298.95,302.78,3.04,1.01,85707
2020-01-15,299.91,301.13,298.82,299.74,-1.79,-0.59,71766
2020-01-14,302.2,303.61,300.69,301.53,1.4,0.47,92120
2020-01-13,296.62,300.31,296.53,300.13,3.07,1.03,81682
2020-01-10,294.8,297.17,294.17,297.06,2.65,0.9,94157
2020-01-09,293.83,294.41,292.1,294.41,4.99,1.72,111792
2020-01-08,288.94,291.01,287.3,289.42,-1.81,-0.62,124529
2020-01-07,290.01,292.26,289.64,291.23,2.8,0.97,65345
2020-01-06,287.73,289.41,287.49,288.43,-2.31,-0.79,69955
2020-01-03,293.1,294.88,289.04,290.74,0.39,0.13,79773
2020-01-02,294.19,294.57,289.96,290.35,-3.42,-1.16,66161
2019-12-30,294.6,295.49,293.4,293.77,-1.43,-0.48,"54,972"
2019-12-27,292.37,296.95,291.28,295.2,1.14,0.39,"77,506"
2019-12-26,293.12,294.07,291.79,294.06,1.16,0.4,"68,476"
2019-12-24,295.18,295.25,292.47,292.9,-1.97,-0.67,"60,605"
2019-12-23,295.84,296.12,293.81,294.87,-0.44,-0.15,"62,095"
2019-12-20,295.58,295.86,293.95,295.31,1,0.34,"75,968"
2019-12-19,295.06,295.84,292.82,294.31,0.09,0.03,"70,191"
2019-12-18,294.31,295.85,293.05,294.22,-0.18,-0.06,"76,912"
2019-12-17,291.76,294.5,290.52,294.4,4.64,1.6,"94,368"
2019-12-16,289.54,290.8,289.36,289.76,-0.35,-0.12,"73,743"
2019-12-13,289.34,290.11,288.32,290.11,5,1.75,"99,616"
2019-12-12,282.62,285.43,282.62,285.11,4.83,1.72,"133,650"
2019-12-11,279.19,281.03,278.45,280.28,0.97,0.35,"66,847"
2019-12-10,276.8,279.75,276.62,279.31,1.28,0.46,"56,666"
2019-12-09,278.31,278.75,277.02,278.03,1.47,0.53,"70,519"
2019-12-06,275.19,277,274.75,276.56,3.26,1.19,"70,113"
2019-12-05,275.65,276.63,272.53,273.3,-0.85,-0.31,"66,509"
2019-12-04,274.36,274.68,272.53,274.15,-2.04,-0.74,"81,918"
2019-12-03,274.93,276.63,273.88,276.19,-1.25,-0.45,"67,284"
2019-12-02,278.27,279.44,276.97,277.44,0.66,0.24,"66,612"
2019-11-29,282.08,282.1,276.34,276.78,-4.45,-1.58,"74,604"
2019-11-28,281.23,282.8,281.05,281.23,-1.62,-0.57,"61,624"
2019-11-27,283.56,284.02,281.27,282.85,1.02,0.36,"60,896"
2019-11-26,283.09,284.87,281.77,281.83,-0.36,-0.13,"119,523"
2019-11-25,281.77,283.53,281.48,282.19,2.76,0.99,"64,511"
2019-11-22,278.57,279.89,278.14,279.43,1.15,0.41,"74,348"
2019-11-21,281.89,282.33,276.98,278.28,-3.93,-1.39,"81,751"
2019-11-20,284.27,285.29,282,282.21,-4.02,-1.4,"73,555"
2019-11-19,285.74,286.34,283.73,286.23,-0.95,-0.33,"68,174"
2019-11-18,287.1,287.78,285.94,287.18,-0.11,-0.04,"56,112"
2019-11-15,283.85,287.72,283.3,287.29,3.36,1.18,"71,654"
2019-11-14,281.9,283.93,281.1,283.93,2.65,0.94,"79,764"
2019-11-13,282.28,282.49,280.62,281.28,-2.37,-0.84,"60,132"
2019-11-12,281.9,283.65,280.79,283.65,2.8,1,"65,568"
2019-11-11,283.3,283.3,280.4,280.85,-2.28,-0.81,"61,560"
2019-11-08,285.81,286.12,282.57,283.13,-1.24,-0.44,"73,682"
2019-11-07,284.04,284.82,283.05,284.37,-0.15,-0.05,"70,724"
2019-11-06,284.31,286.43,283.7,284.52,0.14,0.05,"77,954"
2019-11-05,282.99,284.46,282.27,284.38,1.84,0.65,"76,359"
2019-11-04,279.9,282.77,279.9,282.54,4.11,1.48,"76,998"
2019-11-01,276.17,278.55,275.59,278.43,2.61,0.95,"58,543"
2019-10-31,276.84,279.04,275.82,275.82,0.31,0.11,"78,340"
2019-10-30,277.49,277.49,274.95,275.51,-2.04,-0.74,"72,533"
2019-10-29,279.25,279.49,276.81,277.55,-0.23,-0.08,"57,148"
2019-10-28,278.16,279.42,277.29,277.78,0.71,0.26,"59,073"
2019-10-25,277.6,277.67,275.7,277.07,0.37,0.13,"58,282"
2019-10-24,277.7,277.84,274.31,276.7,0.47,0.17,"73,683"
2019-10-23,276.83,277.29,275.34,276.23,-1.18,-0.43,"65,290"
2019-10-22,275.4,278.19,274.93,277.41,3.62,1.32,"63,876"
2019-10-21,273.87,274.1,272.67,273.79,0.98,0.36,"45,392"
2019-10-18,275.99,277.06,272.28,272.81,-2.76,-1,"71,469"
2019-10-17,275.92,276.68,274.62,275.57,-0.75,-0.27,"53,875"
2019-10-16,276.26,277.59,275.24,276.32,1.98,0.72,"65,378"
2019-10-15,273.85,275.09,273.83,274.34,0.11,0.04,"53,052"
2019-10-14,274.71,275.75,273.97,274.23,2.93,1.08,"71,046"
2019-10-11,271.68,272.68,270.58,271.3,2.5,0.93,"59,637"
2019-10-10,268.79,270.78,266.23,268.8,-2.56,-0.94,"98,180"
2019-10-08,268.9,271.51,267.97,271.36,3.69,1.38,"75,078"
2019-10-07,269.12,269.75,266.83,267.67,0.28,0.1,"53,574"
2019-10-04,268.14,270.16,267.39,267.39,-1.16,-0.43,"62,877"
2019-10-02,272.39,272.42,268.55,268.55,-5.87,-2.14,"66,212"
2019-10-01,273.43,275.38,272.81,274.42,0.87,0.32,"52,634"
2019-09-30,270.61,273.85,270.06,273.55,2.22,0.82,"54,691"
2019-09-27,273.32,273.4,270.52,271.33,-3.56,-1.3,"57,737"
2019-09-26,275.61,276.38,273.5,274.89,0.47,0.17,"89,590"
2019-09-25,276.67,277.04,274.12,274.42,-3.55,-1.28,"70,837"
2019-09-24,276.41,278.17,275.55,277.97,1.32,0.48,"68,274"
2019-09-23,275.86,277.11,275.64,276.65,0.21,0.08,"60,186"
2019-09-20,275.01,276.67,274.46,276.44,1.52,0.55,"74,027"
2019-09-19,273.11,276.15,273.03,274.92,1.86,0.68,"70,498"
2019-09-18,271.88,273.72,271.04,273.06,1.38,0.51,"67,595"
2019-09-17,271.46,272.26,270.9,271.68,-0.34,-0.12,"73,743"
2019-09-16,271.48,272.03,269.59,272.02,1.18,0.44,"103,337"
2019-09-11,270.35,271.35,269.58,270.84,2.08,0.77,"103,898"
2019-09-10,267.96,269.13,267.35,268.76,1.36,0.51,"66,345"
2019-09-09,266.11,268.67,265.92,267.4,1.87,0.7,"62,207"
2019-09-06,266.2,266.36,264.74,265.53,1.09,0.41,"59,196"
2019-09-05,262.53,266,262.27,264.44,2.75,1.05,"88,987"
2019-09-04,257.89,261.69,257.76,261.69,3.44,1.33,"69,291"
2019-09-03,258.55,259.67,257.4,258.25,-0.83,-0.32,"64,324"
2019-09-02,258.25,259.74,257.8,259.08,0.08,0.03,"54,887"
2019-08-30,256.85,259.61,256.72,259,4.69,1.84,"94,156"
2019-08-29,255.68,256.28,253.6,254.31,-1.22,-0.48,"64,847"
2019-08-28,254.2,255.98,253.65,255.53,2.03,0.8,"58,342"
2019-08-27,253.74,254.96,252.53,253.5,1.31,0.52,"93,381"
2019-08-26,251.8,253.14,250.99,252.19,-3.92,-1.53,"62,612"
2019-08-23,255.11,256.88,254.91,256.11,-0.17,-0.07,"54,778"
2019-08-22,258.53,258.73,256.25,256.28,-2.1,-0.81,"67,255"
2019-08-21,257.15,259.49,257.11,258.38,0.33,0.13,"65,481"
2019-08-20,255.53,258.62,254.74,258.05,2.94,1.15,"81,693"
2019-08-19,255.2,255.84,254.25,255.11,1.21,0.48,"66,019"
2019-08-16,252.76,253.94,251.46,253.9,-0.96,-0.38,"71,831"
2019-08-14,255.84,256.82,254.59,254.86,2.03,0.8,"82,238"
2019-08-13,253.5,254.58,252.63,252.83,-2.52,-0.99,"76,819"
2019-08-12,255.57,256.43,254.43,255.35,0.5,0.2,"69,377"
2019-08-09,255.13,256.15,254.41,254.85,2.45,0.97,"117,693"
2019-08-08,254.11,255.33,252.37,252.4,0.4,0.16,"163,707"
2019-08-07,254.46,254.9,251.08,252,-1.41,-0.56,"90,745"
2019-08-06,250.85,257.04,250.24,253.41,-3.78,-1.47,"123,168"
2019-08-05,261.1,261.4,256.76,257.19,-5.8,-2.21,"131,043"
2019-08-02,262.61,263.94,261.75,262.99,-2.74,-1.03,"99,664"
2019-08-01,264.97,267.44,264.47,265.73,-0.61,-0.23,"72,578"
2019-07-31,268.46,269.14,265,266.34,-2.61,-0.97,"96,236"
2019-07-30,268.69,269.79,268.33,268.95,1.2,0.45,"64,530"
2019-07-29,271.21,271.91,267.07,267.75,-4.5,-1.65,"78,754"
2019-07-26,271.41,272.56,270.57,272.25,-0.79,-0.29,"89,843"
2019-07-25,274.08,274.62,271.25,273.04,-0.18,-0.07,"95,653"
2019-07-24,275.12,276.48,272.91,273.22,-2.7,-0.98,"84,289"
2019-07-23,274.93,276.56,274.84,275.92,1.37,0.5,"95,081"
2019-07-22,273.9,275.35,273.57,274.55,0,0,"60,910"
2019-07-19,272.71,274.95,272.21,274.55,3.88,1.43,"87,943"
2019-07-18,271.05,271.63,269.73,270.67,-0.81,-0.3,"80,139"
2019-07-17,272.13,272.28,270.29,271.48,-2.57,-0.94,"117,946"
2019-07-16,272.79,274.54,272.14,274.05,1.41,0.52,"137,055"
2019-07-15,272.06,273.38,270.99,272.64,-0.04,-0.01,"83,606"
2019-07-12,272.21,273.23,271.28,272.68,0.9,0.33,"55,657"
2019-07-11,270.58,272.97,270.46,271.78,3.03,1.13,"107,369"
2019-07-10,269.29,270.33,268.6,268.75,1.03,0.38,"67,511"
2019-07-09,269.6,270.22,267.72,267.72,-0.83,-0.31,"71,885"
2019-07-08,271.38,271.67,268.38,268.55,-5.8,-2.11,"75,098"
2019-07-05,274.74,275.23,272.41,274.35,-0.19,-0.07,"60,022"
2019-07-04,273.18,274.61,271.93,274.54,2.17,0.8,"77,523"
2019-07-03,275.57,276.69,271.9,272.37,-3.6,-1.3,"97,523"
2019-07-02,276.06,277.46,274.63,275.97,-1.3,-0.47,"65,542"
2019-07-01,279.59,279.68,276.85,277.27,-0.23,-0.08,"74,357"
2019-06-28,278.03,278.56,276.58,277.5,-0.25,-0.09,"67,598"
2019-06-27,275.47,278.63,275.09,277.75,2.22,0.81,"66,303"
2019-06-26,275.21,276.36,274.66,275.53,0.25,0.09,"58,818"
2019-06-25,275.33,277.02,274.19,275.28,-0.3,-0.11,"60,507"
2019-06-24,275.91,276.73,275.13,275.58,0.1,0.04,"55,539"
2019-06-21,276.17,276.26,274.6,275.48,-0.53,-0.19,"77,279"
2019-06-20,274.63,276.09,274.43,276.01,0.7,0.25,"55,336"
2019-06-19,274.4,275.6,274.08,275.31,3.95,1.46,"69,734"
2019-06-18,269.77,271.87,269.77,271.36,1.27,0.47,"65,723"
2019-06-17,269.83,271.59,269.14,270.09,-0.39,-0.14,"57,064"
2019-06-14,270.19,271.55,268.96,270.48,-0.65,-0.24,"66,715"
2019-06-13,271.96,272.46,268.38,271.13,-1.61,-0.59,"95,795"
2019-06-12,273.14,274.32,272,272.74,-0.47,-0.17,"66,921"
2019-06-11,271.48,273.69,271.24,273.21,1.11,0.41,"61,243"
2019-06-10,270.32,272.2,268.68,272.1,3.83,1.43,"60,890"
2019-06-07,267.97,269.63,266.27,268.27,0.28,0.1,"67,967"
2019-06-05,270.1,270.46,267.46,267.99,0.33,0.12,"67,511"
2019-06-04,267.84,268.47,266.72,267.66,-0.5,-0.19,"70,289"
2019-06-03,262.68,268.55,262.33,268.16,4.27,1.62,"83,610"
2019-05-31,262.48,265.21,261.53,263.89,-0.04,-0.02,"77,788"
2019-05-30,261.58,264.23,261.58,263.93,2.56,0.98,"70,345"
2019-05-29,264.1,264.1,260.22,261.37,-3.33,-1.26,"82,788"
2019-05-28,264.38,266.16,263.27,264.7,0.3,0.11,"147,263"
2019-05-27,264.18,265.85,263.17,264.4,-0.02,-0.01,"53,143"
2019-05-24,264.7,266.11,263.1,264.42,-1.96,-0.74,"67,234"
2019-05-23,266.4,267.12,264.5,266.38,-0.27,-0.1,"71,658"
2019-05-22,267.01,267.6,263.95,266.65,0.53,0.2,"61,655"
2019-05-21,265.25,268.55,264.79,266.12,1.16,0.44,"81,020"
2019-05-20,265.9,267.65,264.33,264.96,0.61,0.23,"64,227"
2019-05-17,267.85,268.06,263.94,264.35,-1.64,-0.62,"75,096"
2019-05-16,269.83,269.96,265.24,265.99,-3.65,-1.35,"75,960"
2019-05-15,268.42,271,267.62,269.64,1.07,0.4,"77,018"
2019-05-14,266.03,270.42,265.55,268.57,-0.15,-0.06,"82,188"
2019-05-13,269.8,271.54,268.55,268.72,-3.34,-1.23,"66,867"
2019-05-10,273.37,274.32,269.71,272.06,1.06,0.39,"89,435"
2019-05-09,278.83,279.63,271,271,-9.15,-3.27,"124,008"
2019-05-08,277.85,281.84,277.84,280.15,-1.16,-0.41,"75,003"
2019-05-07,280.89,281.66,278.95,281.31,-2.36,-0.83,"97,722"
2019-05-03,285.64,285.95,283.14,283.67,-2.45,-0.86,"67,794"
2019-05-02,283.37,286.87,283.14,286.12,1.2,0.42,"84,185"
2019-04-30,286.25,286.59,282.61,284.92,-1.87,-0.65,"77,990"
2019-04-29,282,286.79,281.81,286.79,5.45,1.94,"66,981"
2019-04-26,280.86,282.47,279.7,281.34,-1.49,-0.53,"76,725"
2019-04-25,282.8,284.22,281.9,282.83,-0.87,-0.31,"74,577"
2019-04-24,287.82,287.82,281.96,283.7,-2.77,-0.97,"88,608"
2019-04-23,285.85,286.83,285.42,286.47,0.6,0.21,"67,375"
2019-04-22,286.06,287.59,284.52,285.87,-0.02,-0.01,"55,190"
2019-04-19,287.18,287.48,285.72,285.89,0.07,0.02,"63,866"
2019-04-18,290.88,291.15,285.38,285.82,-4.51,-1.55,"89,653"
2019-04-17,290.68,291.21,289.84,290.33,-0.29,-0.1,"72,665"
2019-04-16,289.18,290.76,288.77,290.62,1.24,0.43,"96,134"
2019-04-15,289.54,290.74,289.12,289.38,1.01,0.35,"80,434"
2019-04-12,286.89,288.62,285.83,288.37,0.95,0.33,"69,060"
2019-04-11,288.33,288.71,286.38,287.42,-0.5,-0.17,"84,683"
2019-04-10,285.44,288.01,285.1,287.92,1.21,0.42,"75,079"
2019-04-09,286.51,288.02,285.38,286.71,0.33,0.12,"66,225"
2019-04-08,287.78,287.83,285.09,286.38,-0.3,-0.1,"64,574"
2019-04-05,286.03,287.53,285.93,286.68,0.53,0.19,"64,885"
2019-04-04,285.29,287.75,284.97,286.15,0.5,0.18,"73,803"
2019-04-03,281.88,285.65,281.22,285.65,3.93,1.4,"91,590"
2019-04-02,281.67,282.47,281,281.72,1.4,0.5,"72,185"
2019-04-01,278.41,280.93,278.41,280.32,3.84,1.39,"76,674"
2019-03-29,276.33,277.01,274.32,276.48,1.4,0.51,"82,279"
2019-03-28,275.02,276.2,273.9,275.08,-2.2,-0.79,"66,917"
2019-03-27,277.01,278.16,274.87,277.28,-0.32,-0.12,"67,774"
2019-03-26,278.43,278.49,276.91,277.6,0.15,0.05,"65,751"
2019-03-25,279.12,279.21,277.19,277.45,-5.68,-2.01,"77,320"
2019-03-22,283.92,284.55,282.09,283.13,0.75,0.27,"117,734"
2019-03-21,281.14,284.39,280.63,282.38,2.46,0.88,"97,093"
2019-03-20,278.84,280.07,276.34,279.92,0.1,0.04,"61,168"
2019-03-19,280.3,280.4,278.63,279.82,-0.11,-0.04,"55,395"
2019-03-18,280.27,280.77,278.92,279.93,0.06,0.02,"60,901"
2019-03-15,276.42,280.5,276.31,279.87,3.23,1.17,"123,126"
2019-03-14,276.79,277.4,274.78,276.64,0.64,0.23,"95,822"
2019-03-13,276.92,277.12,274.04,276,-1.73,-0.62,"61,495"
2019-03-12,277.41,278.48,276.94,277.73,2.67,0.97,"63,959"
2019-03-11,275.5,276.28,273.88,275.06,0.22,0.08,"64,827"
2019-03-08,277.18,278,274.84,274.84,-4.03,-1.45,"71,640"
2019-03-07,279.33,280.98,277.44,278.87,-0.98,-0.35,"78,636"
2019-03-06,280.09,280.26,278.72,279.85,-0.6,-0.21,"75,225"
2019-03-05,281.42,281.89,279.53,280.45,-2.06,-0.73,"78,805"
2019-03-04,286.12,286.68,282.16,282.51,-1.29,-0.45,"107,549"
2019-02-28,288.13,288.62,283.8,283.8,-4.96,-1.72,"129,089"
2019-02-27,288.9,289.41,288.09,288.76,0.87,0.3,"72,744"
2019-02-26,288.52,289.2,287.06,287.89,-1.11,-0.38,"81,326"
2019-02-25,290.19,290.32,287.84,289,0.26,0.09,"73,420"
2019-02-22,287.29,288.74,286.54,288.74,0.33,0.11,"70,343"
2019-02-21,287.43,289.28,286.05,288.41,0.01,0,"88,241"
2019-02-20,286.55,289.22,286.21,288.4,3.49,1.22,"88,583"
2019-02-19,285.36,286.12,283.16,284.91,-0.99,-0.35,"62,750"
2019-02-18,285.6,287.02,284.64,285.9,1.92,0.68,"73,483"
2019-02-15,286.42,286.42,282.81,283.98,-4.7,-1.63,"77,188"
2019-02-14,284.25,288.68,282.91,288.68,3.71,1.3,"112,395"
2019-02-13,285.09,285.59,284.13,284.97,1.28,0.45,"93,292"
2019-02-12,282.12,284.32,281.43,283.69,1.59,0.56,"92,107"
2019-02-11,281.75,282.19,280.02,282.1,0.61,0.22,"79,974"
2019-02-08,283.85,284.01,280.95,281.49,-4.16,-1.46,"88,711"
2019-02-07,287.54,287.67,284.97,285.65,-0.14,-0.05,"100,691"
2019-02-01,287.07,288.34,285.43,285.79,-0.1,-0.03,"114,631"
2019-01-31,288.85,288.87,285.89,285.89,-0.73,-0.25,"153,504"
2019-01-30,282.86,286.63,282.24,286.62,3.62,1.28,"134,732"
2019-01-29,281.12,283,279.65,283,1.36,0.48,"130,944"
2019-01-28,282.56,283.46,280.47,281.64,-0.03,-0.01,"95,967"
2019-01-25,277.3,281.72,277.04,281.67,5.06,1.83,"115,510"
2019-01-24,274.1,276.64,273.74,276.61,2.74,1,"132,858"
2019-01-23,271.35,274.51,271.03,273.87,1.16,0.43,"99,956"
2019-01-22,274.08,274.6,271.45,272.71,-1.29,-0.47,"68,867"
2019-01-21,274.99,275.14,272.29,274,0.12,0.04,"86,547"
2019-01-18,273.02,273.95,272.56,273.88,2,0.74,"78,968"
2019-01-17,271.66,273.05,270.81,271.88,0.65,0.24,"86,748"
2019-01-16,269.96,271.28,269.05,271.23,1.3,0.48,"100,498"
2019-01-15,265.62,270.02,265.37,269.93,4.94,1.86,"87,170"
2019-01-14,266.22,266.7,264.23,264.99,-2.14,-0.8,"74,929"
2019-01-11,266.58,267.58,265.56,267.13,1.58,0.59,"81,084"
2019-01-10,265.73,266.85,264.61,265.55,-0.05,-0.02,"99,827"
2019-01-09,260.95,266.05,260.87,265.6,5.95,2.29,"98,747"
2019-01-08,261.29,262.43,259.39,259.65,-1.92,-0.73,"86,910"
2019-01-07,261.11,263.13,260.76,261.57,3.68,1.43,"92,321"
2019-01-04,255.62,258.12,254.55,257.89,2.12,0.83,"91,200"
2019-01-03,258.19,258.7,255.35,255.77,-2.46,-0.95,"90,521"
2019-01-02,263.35,263.77,257.47,258.23,-3.75,-1.43,"69,950"
2018-12-28,261.61,262.85,261.27,261.98,1.41,0.54,"62,701"
2018-12-27,261.53,261.71,259.73,260.57,-0.41,-0.16,"84,457"
2018-12-26,261.09,262.49,259.35,260.98,-3.47,-1.31,"92,493"
2018-12-24,263.51,265.09,262.96,264.45,-0.61,-0.23,"61,962"
2018-12-21,263.66,265.06,263.15,265.06,0.25,0.09,"92,600"
2018-12-20,265.13,266.34,263.12,264.81,-2.5,-0.94,"81,336"
2018-12-19,266.02,267.55,265.26,267.31,2.13,0.8,"81,750"
2018-12-18,264.42,266.83,263.93,265.18,-1.15,-0.43,"90,335"
2018-12-17,265.81,267.19,265.41,266.33,0.78,0.29,"71,454"
2018-12-14,269.69,269.69,264.44,265.55,-3.86,-1.43,"99,732"
2018-12-13,269.07,271.06,268.22,269.41,0.94,0.35,"145,056"
2018-12-12,266,268.84,265.55,268.47,3.78,1.43,"83,688"
2018-12-11,265.87,265.99,263.87,264.69,-0.66,-0.25,"70,036"
2018-12-10,264.55,266.2,263.63,265.35,-2.93,-1.09,"77,297"
2018-12-07,268.97,269.66,267.03,268.28,1.1,0.41,"68,450"
2018-12-06,270.18,270.18,266.61,267.18,-4.31,-1.59,"86,093"
2018-12-05,269.53,272.38,269.47,271.49,-1.8,-0.66,"75,635"
2018-12-04,275.08,275.72,272.03,273.29,-2.89,-1.05,"80,802"
2018-12-03,275.7,276.98,273.59,276.18,4.83,1.78,"89,066"
2018-11-30,274.53,275.51,270.88,271.35,-2.81,-1.02,"137,531"
2018-11-29,277.08,277.54,273.4,274.16,0.71,0.26,"80,653"
2018-11-28,272.64,273.53,271.35,273.45,1.37,0.5,"79,830"
2018-11-27,270.9,272.47,269.27,272.08,2.29,0.85,"71,913"
2018-11-26,266.43,269.95,266.41,269.79,3.46,1.3,"75,646"
2018-11-23,268.12,268.54,264.86,266.33,-1.43,-0.53,"58,347"
2018-11-22,268.51,269.11,267.15,267.76,-0.51,-0.19,"64,407"
2018-11-21,265.96,268.49,264.95,268.27,-1.31,-0.49,"81,838"
2018-11-20,268.54,270.58,268.54,269.58,-2.73,-1,"80,899"
2018-11-19,272.01,274.05,270.83,272.31,0.66,0.24,"75,007"
2018-11-16,272.95,273.52,271.06,271.65,0.11,0.04,"74,598"
2018-11-15,267.93,271.69,267.68,271.54,2.66,0.99,"74,357"
2018-11-14,269.58,270.01,267.75,268.88,-0.82,-0.3,"87,328"
2018-11-13,267.03,269.89,264.63,269.7,-1.87,-0.69,"88,280"
2018-11-12,268.66,272.27,268.64,271.57,0.24,0.09,"78,004"
2018-11-09,272.25,273.57,270.85,271.33,-0.78,-0.29,"80,923"
2018-11-08,274.88,276.34,272.07,272.11,1.66,0.61,"99,216"
2018-11-07,271.43,273.79,269.77,270.45,-1.12,-0.41,"119,321"
2018-11-06,271.01,272.01,268.57,271.57,1.5,0.56,"77,834"
2018-11-05,270.22,270.45,266.67,270.07,-2.49,-0.91,"81,491"
2018-11-02,266.16,272.79,265.82,272.56,9.61,3.65,"111,231"
2018-11-01,264.72,266.97,262.77,262.95,-1.06,-0.4,"102,278"
2018-10-31,263.55,264.14,261.03,264.01,1.54,0.59,"107,853"
2018-10-30,259.15,264.74,259.06,262.47,2.28,0.88,"122,395"
2018-10-29,262.82,265.29,259.84,260.19,-2.5,-0.95,"109,742"
2018-10-26,267.04,267.04,260.16,262.69,-4.03,-1.51,"111,378"
2018-10-25,264.46,267.09,262.97,266.72,-4.64,-1.71,"120,407"
2018-10-24,274.07,274.24,270.64,271.36,-1.18,-0.43,"99,127"
2018-10-23,277.31,277.57,270.72,272.54,-6.86,-2.46,"88,689"
2018-10-22,276.78,279.89,275.99,279.4,0.77,0.28,"62,448"
2018-10-19,275.08,279.03,273.81,278.63,1.15,0.41,"74,645"
2018-10-18,278.73,280.01,277.3,277.48,-2.57,-0.92,"68,805"
2018-10-17,280.07,281.99,279.1,280.05,3.15,1.14,"75,388"
2018-10-16,278.73,279.52,276.22,276.9,-0.29,-0.1,"60,611"
2018-10-15,278.35,278.91,276.49,277.19,-2.18,-0.78,"73,194"
2018-10-12,275.82,281.26,275.43,279.37,4.22,1.53,"101,672"
2018-10-11,281.52,282.65,275.15,275.15,-12.7,-4.41,"144,522"
2018-10-10,290.23,290.37,286.92,287.85,-2.06,-0.71,"117,740"
2018-10-08,290.02,292.29,289.91,289.91,-1.37,-0.47,"69,772"
2018-10-05,291.42,292.66,289.33,291.28,-0.5,-0.17,"93,625"
2018-10-04,296.42,296.42,291.26,291.78,-4.75,-1.6,"107,327"
2018-10-02,300.2,300.93,296.36,296.53,-3.64,-1.21,"86,569"
2018-10-01,301.55,301.97,299.3,300.17,-0.34,-0.11,"77,258"
2018-09-28,302.53,302.64,299.83,300.51,-2.08,-0.69,"111,432"
2018-09-27,299.54,302.6,299.54,302.59,1.78,0.59,"120,499"
2018-09-21,299.84,300.81,298.9,300.81,1.77,0.59,"124,342"
2018-09-20,297.47,300.45,297.12,299.04,2.4,0.81,"97,943"
2018-09-19,297.63,297.72,295.5,296.64,0.54,0.18,"94,195"
2018-09-18,293.06,296.51,293.03,296.1,0.87,0.29,"77,065"
2018-09-17,296.7,296.74,294.14,295.23,-2.06,-0.69,"64,925"
2018-09-14,295.19,297.38,295.04,297.29,4.87,1.67,"83,089"
2018-09-13,292.5,293.42,291.78,292.42,0.07,0.02,"98,537"
2018-09-12,292.74,293.29,290.89,292.35,-0.11,-0.04,"87,629"
2018-09-11,293.42,294.75,291.49,292.46,-1.24,-0.42,"83,407"
2018-09-10,292.37,294.06,292.25,293.7,0.84,0.29,"84,204"
2018-09-07,292.26,293.79,290.69,292.86,-1.42,-0.48,"90,386"
2018-09-06,294.23,295.82,293.62,294.28,-0.68,-0.23,"79,880"
2018-09-05,297.89,298.4,294.37,294.96,-3.84,-1.29,"81,062"
2018-09-04,297.72,299.2,296.86,298.8,1.31,0.44,"64,654"
2018-09-03,299.15,299.28,296.85,297.49,-2.58,-0.86,"64,699"
2018-08-31,296.49,300.07,296.09,300.07,2.02,0.68,"107,570"
2018-08-30,298.44,299.99,297.37,298.05,0,0,"80,676"
2018-08-29,297.31,298.23,296.63,298.05,0.83,0.28,"81,224"
2018-08-28,298.67,298.95,296.6,297.22,0.39,0.13,"84,393"
2018-08-27,296.21,297.34,295.3,296.83,1.29,0.44,"85,301"
2018-08-24,293.26,295.91,292.53,295.54,1.25,0.42,"70,164"
2018-08-23,294.21,294.37,292.39,294.29,1.29,0.44,"73,748"
2018-08-22,292.45,293.83,291.93,293,1.07,0.37,"81,676"
2018-08-21,288.51,292.41,287.94,291.93,3.32,1.15,"79,696"
2018-08-20,289.78,290.93,288.15,288.61,0.04,0.01,"74,150"
2018-08-17,288.57,289.35,287.78,288.57,0.33,0.11,"67,286"
2018-08-16,287.1,289.05,285.42,288.24,-2.84,-0.98,"93,688"
2018-08-14,290.03,291.64,289.61,291.08,1.23,0.42,"75,903"
2018-08-13,291.21,292.09,288.11,289.85,-3.79,-1.29,"94,719"
2018-08-10,295.93,296.1,293.05,293.64,-3.77,-1.27,"94,305"
2018-08-09,297.23,297.41,295.61,297.41,0.22,0.07,"87,043"
2018-08-08,297.97,298.46,296.78,297.19,0.01,0,"76,314"
2018-08-07,295.79,297.38,294.37,297.18,1.94,0.66,"70,324"
2018-08-06,295.79,297.37,294.78,295.24,-0.37,-0.13,"70,149"
2018-08-03,294.45,295.85,293.59,295.61,2.06,0.7,"63,189"
2018-08-02,298.25,298.54,292.89,293.55,-5.14,-1.72,"75,898"
2018-08-01,298.32,299.96,298.06,298.69,1.24,0.42,"70,926"
2018-07-31,297.01,297.79,296.14,297.45,0.16,0.05,"71,873"
2018-07-30,297.01,298,295.99,297.29,-0.49,-0.16,"66,416"
2018-07-27,297.29,297.88,296.21,297.78,0.83,0.28,"71,328"
2018-07-26,296.2,298.22,295.11,296.95,2.1,0.71,"93,045"
2018-07-25,295.99,297.17,294.29,294.85,-0.64,-0.22,"85,722"
2018-07-24,294.92,296.05,293.28,295.49,0.93,0.32,"99,972"
2018-07-23,296.81,296.81,293.8,294.56,-2.39,-0.8,"87,894"
2018-07-20,295.78,297.52,294.05,296.95,1.05,0.35,"76,112"
2018-07-19,297.71,297.94,295.52,295.9,-0.57,-0.19,"85,404"
2018-07-18,299.2,300.24,296.08,296.47,-0.41,-0.14,"78,882"
2018-07-17,297.46,298.15,295.74,296.88,-0.49,-0.16,"77,992"
2018-07-16,298.71,299.56,297.06,297.37,-1.28,-0.43,"69,364"
2018-07-13,295.88,298.99,295.86,298.65,4.24,1.44,"88,560"
2018-07-12,294.94,296.63,293.77,294.41,-0.02,-0.01,"94,349"
2018-07-11,293.8,295.27,291.77,294.43,-1.76,-0.59,"102,397"
2018-07-10,297.14,297.99,295.84,296.19,0.99,0.34,"74,328"
2018-07-09,293.88,296.63,292.58,295.2,2.09,0.71,"80,243"
2018-07-06,292.04,294.73,290.09,293.11,1.48,0.51,"100,948"
2018-07-05,292.12,293.6,289.9,291.63,-0.63,-0.22,"64,861"
2018-07-04,293.54,294.63,291.87,292.26,-1.09,-0.37,"67,010"
2018-07-03,294.89,295.06,290.89,293.35,0.42,0.14,"88,703"
2018-07-02,299.12,300.04,292.93,292.93,-6.73,-2.25,"93,228"
2018-06-29,299.37,300.28,295.97,299.66,1.4,0.47,"91,793"
2018-06-28,299.91,300.83,297.72,298.26,-3.99,-1.32,"88,459"
2018-06-27,302.73,304.29,301.92,302.25,-0.51,-0.17,"100,171"
2018-06-26,300.3,303.83,299.5,302.76,-0.61,-0.2,"95,031"
2018-06-25,302.77,303.99,300.69,303.37,-0.32,-0.11,"83,139"
2018-06-22,298.81,303.72,298.71,303.69,2.67,0.89,"92,739"
2018-06-21,304.06,305.04,301.02,301.02,-3,-0.99,"101,197"
2018-06-20,302.95,305.69,301.83,304.02,2.67,0.89,"104,269"
2018-06-19,304.92,305.79,300.74,301.35,-4,-1.31,"117,682"
2018-06-18,308.73,308.95,303.77,305.35,-3.38,-1.09,"121,133"
2018-06-15,312.43,312.55,308.71,308.73,-2.47,-0.79,"127,404"
2018-06-14,314.6,314.82,311.03,311.2,-5.64,-1.78,"147,740"
2018-06-12,317.81,318.3,316.21,316.84,-0.38,-0.12,"122,233"
2018-06-11,315.24,317.35,314.24,317.22,2.25,0.71,"103,065"
2018-06-08,316.94,317.25,314.53,314.97,-2.7,-0.85,"103,098"
2018-06-07,317.94,319.19,317.03,317.67,1.91,0.6,"108,023"
2018-06-05,315.12,316.07,312.83,315.76,0.92,0.29,"105,958"
2018-06-04,313.7,315.46,313.26,314.84,1.62,0.52,"104,433"
2018-06-01,310.13,314.14,309.87,313.22,2.3,0.74,"120,951"
2018-05-31,312.01,312.26,309.84,310.92,1.66,0.54,"228,470"
2018-05-30,314.64,315.2,308.07,309.26,-6.94,-2.19,"135,724"
2018-05-29,318.7,319.4,316.18,316.2,-2.79,-0.87,"117,360"
2018-05-28,318.37,319.99,318.04,318.99,0.94,0.3,"147,738"
2018-05-25,315.92,318.88,315.43,318.05,0.57,0.18,"130,285"
2018-05-24,318.93,319.46,316.55,317.48,-0.83,-0.26,"83,137"
2018-05-23,316.45,319.04,316.01,318.31,2.06,0.65,"122,345"
2018-05-21,315.74,317.19,313.45,316.25,0.88,0.28,"96,768"
2018-05-18,315.5,315.8,314.46,315.37,1.08,0.34,"83,886"
2018-05-17,317.33,317.77,314.29,314.29,-1.68,-0.53,"107,626"
2018-05-16,313.81,316.62,313.78,315.97,1.03,0.33,"129,023"
2018-05-15,317.73,318.35,314.57,314.94,-2.78,-0.87,"128,387"
2018-05-14,318.93,319.5,317.09,317.72,-0.79,-0.25,"141,539"
2018-05-11,318.03,319.7,317.86,318.51,1.2,0.38,"112,400"
2018-05-10,316.51,317.34,315.11,317.31,2.89,0.92,"120,901"
2018-05-09,315.93,316.08,312.6,314.42,-1.45,-0.46,"123,611"
2018-05-08,317.79,319.53,314.95,315.87,-0.88,-0.28,"141,253"
2018-05-04,320.56,321,316.75,316.75,-3.8,-1.19,"173,912"
2018-05-03,322.83,322.95,320.55,320.55,-1.98,-0.61,"117,280"
2018-05-02,323.56,323.97,321.99,322.53,-1.03,-0.32,"158,304"
2018-04-30,321.93,323.58,321.66,323.56,2.76,0.86,"139,570"
2018-04-27,321.39,322.93,319.43,320.8,2.72,0.86,"92,190"
2018-04-26,315.55,319.06,314.95,318.08,4.09,1.3,"91,036"
2018-04-25,313.09,314.43,312.1,313.99,-1.87,-0.59,"82,175"
2018-04-24,318.24,318.3,314.43,315.86,-2.03,-0.64,"94,691"
2018-04-23,317.32,318.28,316.5,317.89,0,0,"108,889"
2018-04-20,318.6,319.39,317.29,317.89,-2.23,-0.7,"104,385"
2018-04-19,319.26,320.68,318.47,320.12,1.48,0.46,"116,870"
2018-04-18,316.58,319.28,316.55,318.64,4,1.27,"93,162"
2018-04-17,315.44,316.48,313.95,314.64,-0.53,-0.17,"73,082"
2018-04-16,316.45,316.53,314.14,315.17,0.31,0.1,"69,234"
2018-04-13,314.42,315.71,313.77,314.86,1.64,0.52,"92,859"
2018-04-12,313.92,314.69,312.99,313.22,0.28,0.09,"95,163"
2018-04-11,314.83,315.45,312.44,312.94,-1,-0.32,"108,374"
2018-04-10,312.53,314.77,309.58,313.94,0.49,0.16,"91,826"
2018-04-09,310.88,313.88,310.86,313.45,1.84,0.59,"101,643"
2018-04-06,310.39,312.32,309.73,311.61,-1.43,-0.46,"107,254"
2018-04-05,311.12,314.53,310.3,313.04,4.5,1.46,"103,602"
2018-04-04,314.21,314.21,308.33,308.54,-4.84,-1.54,"139,804"
2018-04-03,311.03,313.38,309.91,313.38,-0.62,-0.2,"132,269"
2018-04-02,315.56,317.07,313.62,314,-0.61,-0.19,"85,963"
2018-03-30,316.19,316.92,314.59,314.61,0.79,0.25,"111,256"
2018-03-29,312.03,314.45,310.8,313.82,2.01,0.64,"85,494"
2018-03-28,312.54,313.06,310.35,311.81,-4.53,-1.43,"95,208"
2018-03-27,317.22,317.39,315.24,316.34,1.45,0.46,"86,173"
2018-03-26,311.93,314.89,309.85,314.89,2.47,0.79,"82,454"
2018-03-23,316.6,317.13,311.78,312.42,-10.9,-3.37,"102,461"
2018-03-22,322.97,324.72,321.8,323.32,1.72,0.53,"91,617"
2018-03-21,322.19,322.85,321.46,321.6,-0.19,-0.06,"72,018"
2018-03-20,317.79,321.8,317.66,321.79,1.44,0.45,"65,015"
2018-03-19,322.57,322.8,319.72,320.35,-2.53,-0.78,"73,051"
2018-03-16,322.94,323.42,320.3,322.88,0.14,0.04,"75,857"
2018-03-15,322.06,323.44,319.76,322.74,0.75,0.23,"70,222"
2018-03-14,320.72,322.27,320.39,321.99,-0.99,-0.31,"76,075"
2018-03-13,320.98,322.98,320.37,322.98,2.28,0.71,"96,757"
2018-03-12,321.32,321.86,319.69,320.7,3.03,0.95,"93,547"
2018-03-09,316.06,320.47,314.87,317.67,2.89,0.92,"108,413"
2018-03-08,313.62,314.78,311.04,314.78,3.64,1.17,"92,592"
2018-03-07,311.57,314.11,309.11,311.14,0.68,0.22,"97,307"
2018-03-06,308.15,310.65,306.95,310.46,5.88,1.93,"87,806"
2018-03-05,308.39,308.79,304.46,304.58,-3.77,-1.22,"66,487"
2018-03-02,310.11,310.42,306.88,308.35,-4.51,-1.44,"83,585"
2018-02-28,315.89,317.42,312.75,312.86,-3.97,-1.25,"94,901"
2018-02-27,319.52,320.71,316.83,316.83,-0.51,-0.16,"69,195"
2018-02-26,318.49,318.6,316.12,317.34,0.53,0.17,"86,346"
2018-02-23,313.89,316.81,313.89,316.81,4.64,1.49,"74,327"
2018-02-22,312.72,313.49,311.13,312.17,-2.3,-0.73,"65,202"
2018-02-21,313.14,314.95,310.99,314.47,1.64,0.52,"61,421"
2018-02-20,315.19,315.73,312.2,312.83,-3.78,-1.19,"56,032"
2018-02-19,318.42,318.8,314.51,316.61,2.21,0.7,"70,084"
2018-02-14,313.33,315.53,312.81,314.4,3.53,1.14,"69,233"
2018-02-13,310.45,314.15,309.23,310.87,2.74,0.89,"86,757"
2018-02-12,306.91,309.65,305.17,308.13,3.3,1.08,"84,614"
2018-02-09,303.54,306.34,303.47,304.83,-6.79,-2.18,"103,309"
2018-02-08,310.84,314.24,309.95,311.62,1.14,0.37,"111,638"
2018-02-07,322.06,322.1,310.47,310.48,-7.53,-2.37,"106,916"
2018-02-06,316.62,319.15,312.62,318.01,-5.28,-1.63,"126,683"
2018-02-05,322.05,324.64,320.6,323.29,-3.72,-1.14,"101,936"
2018-02-02,332.69,332.69,326.3,327.01,-6.35,-1.9,"100,574"
2018-02-01,335.06,335.66,332.93,333.36,-0.02,-0.01,"92,493"
2018-01-31,332.38,338.48,331.65,333.38,-0.02,-0.01,"113,799"
2018-01-30,336.62,337.88,333.4,333.4,-4.65,-1.38,"109,651"
2018-01-29,337.28,339.27,337.05,338.05,2.67,0.8,"121,234"
2018-01-26,333.75,335.38,332.51,335.38,1.3,0.39,"112,867"
2018-01-25,330.67,334.5,330.6,334.08,3.17,0.96,"124,683"
2018-01-24,330.37,332.44,329.86,330.91,-0.02,-0.01,"89,710"
2018-01-23,327.42,330.93,327.17,330.93,4.66,1.43,"102,543"
2018-01-22,328.78,328.84,324.56,326.27,-3.25,-0.99,"80,821"
2018-01-19,329.81,330.55,328.51,329.52,0.39,0.12,"94,694"
2018-01-18,331.03,331.88,328.77,329.13,-0.06,-0.02,"94,897"
2018-01-17,329.31,330.21,328.03,329.19,-0.83,-0.25,"95,197"
2018-01-16,327.44,330.5,326.65,330.02,2.63,0.8,"107,816"
2018-01-15,328.57,328.94,326.21,327.39,0.67,0.21,"98,450"
2018-01-12,327.34,327.5,324.22,326.72,1.05,0.32,"143,377"
2018-01-11,326.92,327.98,325.07,325.67,-1.94,-0.59,"120,938"
2018-01-10,330.87,330.97,327.07,327.61,-2.64,-0.8,"140,728"
2018-01-09,330.67,332.7,328.53,330.25,-1.03,-0.31,"100,984"
2018-01-08,330.83,331.65,328.47,331.28,2.31,0.7,"88,480"
2018-01-05,326.06,329.03,325.78,328.97,4.39,1.35,"96,164"
2018-01-04,329.52,329.52,324.58,324.58,-2.55,-0.78,"106,565"
2018-01-03,327.13,328.37,326.56,327.13,1.13,0.35,"109,848"
2018-01-02,325.73,326.45,324.3,326,1.26,0.39,"70,744"
